No_temp,Metadata_term,Metadata_term_full_name,Term_Definition,Required_value_and_units,Example,Metadata_Category,Completed_by,Requirement,MiXS_mandatory_(Y/N),ENA_water_checklist_mandatory_(Y/N)
1,nucl_acid_ext,nucleic acid extraction,"A link to a literature reference, electronic resource or a standard operating procedure (SOP), that describes the material separation to recover the nucleic acid fraction from a sample","PMID, DOI or URL",https://www.qiagen.com/us/products/discovery-and-translational-research/dna-rna-purification/dna-purification/microbial-dna/dneasy-powerwater-kit/,Sequencing,Genoscope; Ioulia Santi,Mandatory (M),N,
2,nucl_acid_amp,nucleic acid amplification,"A link to a literature reference, electronic resource or a standard operating procedure (SOP), that describes the enzymatic amplification (PCR, TMA, NASBA) of specific nucleic acids. If the sample is used for metagenomics add ""metag""","PMID, DOI or URL",https://phylogenomics.me/protocols/16s-pcr-protocol/,Sequencing,Genoscope; Ioulia Santi,Mandatory (M),N,
3,lib_reads_seqd,library reads sequenced,Total number of clones sequenced from the library,number of reads sequenced,20000000,Sequencing,Genoscope; Ioulia Santi,Mandatory (M),,
4,lib_layout,library layout,"Specify whether to expect single, paired, or other configuration of reads","text, select from the list: SINGLE, PAIRED",PAIRED,Sequencing,Genoscope; Ioulia Santi,Mandatory (M),,
5,target_gene,target gene,"Targeted gene or locus name for marker gene studies (e.g. for metabarcoding). If the sample is used for metagenomics add ""metag""",text (gene name),16S rRNA,Sequencing,Genoscope; Ioulia Santi,Mandatory (M),,
6,target_subfragment,target subfragment,"Name of subfragment of a gene or locus. Important to e.g. identify special regions on marker genes like V6 on 16S rRNA. If the sample is used for metagenomics add ""metag""",text (gene fragment name),V9 18S rRNA,Sequencing,Genoscope; Ioulia Santi,Mandatory (M),,
7,ampl_size,amplicon size,"The length of the amplicon in basepairs. If the sample is used for metagenomics add ""metag""",value,312,Analysis,Genoscope; Ioulia Santi,Mandatory (M),,
8,pcr_primers,pcr primers,"PCR primers that were used to amplify the sequence of the targeted gene, locus or subfragment. This field should contain all the primers used for a single PCR reaction if multiple forward or reverse primers are present in a single PCR reaction. The primer sequence should be reported in uppercase letters. If the sample is used for metagenomics add ""metag""",text (FWD: forward primer sequence;REV:reverse primer sequence),FWD:GTGCCAGCMGCCGCGGTAA;REV:GGACTACHVGGGTWTCTAAT,Sequencing,Genoscope; Ioulia Santi,Mandatory (M),,
9,mid,multiplex identifiers,"Molecular barcodes, called Multiplex Identifiers (MIDs), that are used to specifically tag unique samples in a sequencing run. Sequence should be reported in uppercase letters",text (multiplex identifier sequence),GTGAATAT; TTTCCAGT,Sequencing,Genoscope; Ioulia Santi,Mandatory (M),,
10,adapters,adapters,Adapters provide priming sequences for both amplification and sequencing of the sample-library fragments. Both adapters should be reported; in uppercase letters,text (adapter A and B sequence),AATGATACGGCGACCACCGAGATCTACACGCT;CAAGCAGAAGACGGCATACGAGAT,Sequencing,Genoscope; Ioulia Santi,Mandatory (M),,
11,pcr_cond,pcr conditions,"Description of reaction conditions and components of PCR in the form of  'initial denaturation:94degC_1.5min; annealing=...'. If the sample is used for metagenomics add ""metag""",text (initial denaturation:degrees_minutes;annealing:degrees_minutes;elongation:degrees_minutes;final elongation:degrees_minutes;total cycles),initial denaturation:94_3;annealing:50_1;elongation:72_1.5;final elongation:72_10;total cycles:35,Sequencing,Genoscope; Ioulia Santi,Mandatory (M),,
12,seq_quality_check,sequence quality check,"Indicate if the sequence has been called by automatic systems (none) or undergone a manual editing procedure (e.g. by inspecting the raw data or chromatograms). Applied only for sequences that are not submitted to SRA,ENA or DRA",text none or manually edited,none,Sequencing,Genoscope; Ioulia Santi,Mandatory (M),,
13,seq_meth,sequencing method,"Sequencing method used; e.g. Sanger, pyrosequencing, ABI-solid",text,Illumina HiSeq,Sequencing,Genoscope; Ioulia Santi,Mandatory (M),,
15,dna_conc,dna concentration after extraction,DNA concentration measured after DNA extraction,concentration in nanograms per microliter (ng/ul),194.56,Sequencing,Genoscope; Ioulia Santi,Mandatory (M),,
16,dna_conc_method,dna concentration after extraction method,Method used to measure the DNA concentration after DNA extraction,text,3.0 QubitTM fluorometer,Sequencing,Genoscope; Ioulia Santi,Mandatory (M),,
17,dna_quant,dna quantity after extraction,Total DNA quantity calculated from the DNA concentration measured after extraction,quantity in nanograms (ng),120,Sequencing,Genoscope; Ioulia Santi,Mandatory (M),,
18,ref_code_seq,reference code sequencing centre,Reference code given by the sequencing centre to the sample upon the beginning of the analysis,text,DBD_AAAA,Sequencing,Genoscope; Ioulia Santi,Mandatory (M),,
19,ref_code,reference code,Reference code given by EMO BON to the sample during packaging and cataloguing,text,EMOBON00001,Sequencing,Ioulia Santi,Mandatory (M),,
20,analysis,library_source,"Analysis workflow followed: METAGENOMIC, GENOMIC, GENOMIC SINGLE CELL, TRANSCRIPTOMIC, TRANSCRIPTOMIC SINGLE CELL, METATRANSCRIPTOMIC, SYNTHETIC, VIRAL RNA, OTHER","text, select from the list: METAGENOMIC, GENOMIC, GENOMIC SINGLE CELL, TRANSCRIPTOMIC, TRANSCRIPTOMIC SINGLE CELL, METATRANSCRIPTOMIC, SYNTHETIC, VIRAL RNA, OTHER",METAGENOMIC,Sequencing,Genoscope; Ioulia Santi,Mandatory (M),,
21,run,analysis,Reference name given by the sequencing centre to a specific sequencing run ,text,220622_JARVIS_HMGW5DSX3,Sequencing,Genoscope; Ioulia Santi,Mandatory (M),,
22,reads_name,sequencing reads filename,Filename given by the sequencing centre to the sequencing reads produced,text,DBB_AAAEOSDA_4_HMGW5DSX3.UDI216,Sequencing,Genoscope; Ioulia Santi,Mandatory (M),,
23,mock_pr,correspoding prokaryotes mock community sequencing reads filename,Filename given by the sequencing centre to the sequencing reads produced by the prokaryote mock community included in the same sequencing run as the sample,text,DDC_AAAAOSDA_4_HMGW5DSX3.UDI201,Sequencing,Genoscope; Ioulia Santi,Mandatory (M),,
24,mock_eu,correspoding eukaryotes mock community sequencing reads filename,Filename given by the sequencing centre to the sequencing reads produced by the eukaryote mock community included in the same sequencing run as the sample,text,DDC_AAABOSDA_4_HMGW5DSX3.UDI213;,Sequencing,Genoscope; Ioulia Santi,Mandatory (M),,
25,url_seq,relevant electronic resources for the sequencing work,Relevant electronic resources for the sequencing molecular work. Resources may be provided for any of the steps/methods followed,text URL(s),sequencing: http://www.earthmicrobiome.org/; library preparation: https://www.thermofisher.com/gr/en/home/life-science/sequencing/next-generation-sequencing/ngs-library-preparation-illumina-systems/dna-whole-genome-sequencing-kits.html,Sequencing,Genoscope; Ioulia Santi,Optional (O),,
26,sop_seq,relevant standard operating procedures for the sequencing work,Standard operating procedures used in the sequencing molecular work,text reference to SOP,http://press.igsb.anl.gov/earthmicrobiome/protocols-and-standards/its/,Sequencing,Genoscope; Ioulia Santi,Optional (O),,
27,ENA_accesion_number_umbrella,ENA umbrella study accession number,"Umbrella study accession number is a unique identifier given to an umbrella study once the sample is registered to ENA (European Nucleotide Archive). It refers to a specific umbrella study and connected to all the projects, samples, sequencing runs and data included.",ENA accession number,PRJEB51688,Observatory; Sequencing,Genoscope; Ioulia Santi,Mandatory (M),,
28,ENA_accesion_number_project,ENA project accession number,"Project accession number is a unique identifier given to aproject once the sample is registered to ENA (European Nucleotide Archive). It refers to a specific project and connected to all the samples, sequencing runs and data included.",ENA accession number,PRJEB51654,Observatory; Sequencing,Genoscope; Ioulia Santi,Mandatory (M),,
29,source_mat_id,source material identifiers,"A unique identifier assigned to a material sample according to EMO BON Handbook. This identifier will characterize the sample during nucleic acid extraction, and subsequent sequencing or biobanking. This identifier consists of 5 terms: 1) Project (-EMO BON-) 2) Sampling Site ID; that is the Observatory ID (for example -SMN99-) supplemented with the sampling site indicator (-Wa- for water column, -So- for soft substrates and -Ha- for hard substrates) 3) Sampling Campaign Date formated as -YYMMDD-.For example -220315- would be the campaign on 15 March 2022. Especially for Hard substrates, both the deployment and retrieval dates have to be recorded formated as YYMMDD-YYMMDD 4) Size fraction (Wa: 3 um / 0.2 um / 20 um / 200 um) or organisms collected (So: -micro- for microorganisms, -meio- for meiobenthos and -macro- for macrobenthos) or ARMS fraction (Ha: -SF- for sessile fraction, -MF05- for motile fraction sieved through 0.5 mm, -MF01- for motile fraction sieved through 0.1 mm) 5) Replicate (number 1-4). For labelling the negative control, this term will be replaced by the notation -blank- in parenthesis.",text in specific format (unique sample id),EMO BON JIJO41 Wa 210828 3um_3,Sampling; Measured; Sequencing; Post-sequencing,Genoscope; Ioulia Santi,Mandatory (M),,
30,source_mat_id_an,source material identifiers analysis,"A unique identifier assigned to a material sample during the analysis and specifies an analysis stage, a step or a differentiation in the pipeline. The source material identifiers analysis consists of the source material identifiers (""source_mat_id"") and a short analysis identifier. The short analysis identifier can be ""metag"" for metagenomics, ""its metab"" for ITS metabarcoding, ""2nd time"" for a sample that failed and is analyzed again.",text in specific format (unique sample id and analysis id),EMO BON JIJO41 Wa 210828 3um_3_metag,Sampling; Measured; Analysis; Post-sequencing,,Mandatory (M),,
,,,,,,,,,,
,,,,,,,,,,
