old_source_mat_id,ref_code_seq,ref_code,nucl_acid_ext,nucl_acid_amp,lib_reads_seqd,lib_layout,target_gene,target_subfragment,ampl_size,pcr_primers,mid,adapters,pcr_cond,seq_quality_check,seq_meth,dna_conc,dna_conc_method,dna_quantity_after_extraction,analysis,run,reads_name,mock_pr,mock_eu,source_mat_id_an,url_seq,sop_seq,source_mat_id
EMOBON_BPNS_So_210726_micro_1,DBH_AAAN,EMOBON00084,https://www.qiagen.com/us/products/discovery-and-translational-research/dna-rna-purification/dna-purification/microbial-dna/dneasy-powersoil-pro-kit?catno=47016,metag,47913214,paired,metag,metag,metag,metag,,,DNA Polymerase:taq Q5;NoPCRs:2;PCRvolume:30;Nocycles:10,basic Genoscope QC,Illumina NovaSeq 6000,13.9,,1264.9,METAGENOMIC,220712_JARVIS_HMNJKDSX3,DBH_AAANOSDA_1_HMNJKDSX3.UDI248,DDC_AAAAOSDA_1_HMNJKDSX3.UDI201,,EMOBON_BPNS_So_210726_micro_1_metag,,Prod_ILL_BqADN_NEBUII_151_v4; Bq NEB Next Ultra II,EMOBON_BPNS_So_5
EMOBON_BPNS_So_210726_micro_2,DBH_AAAO,EMOBON00085,https://www.qiagen.com/us/products/discovery-and-translational-research/dna-rna-purification/dna-purification/microbial-dna/dneasy-powersoil-pro-kit?catno=47016,metag,43017431,paired,metag,metag,metag,metag,,,DNA Polymerase:taq Q5;NoPCRs:2;PCRvolume:30;Nocycles:10,basic Genoscope QC,Illumina NovaSeq 6000,5.33,,485,METAGENOMIC,220712_JARVIS_HMNJKDSX3,DBH_AAAOOSDA_1_HMNJKDSX3.UDI260,DDC_AAAAOSDA_1_HMNJKDSX3.UDI201,,EMOBON_BPNS_So_210726_micro_2_metag,,Prod_ILL_BqADN_NEBUII_151_v4; Bq NEB Next Ultra II,EMOBON_BPNS_So_6
EMOBON_BPNS_So_210825_micro_3,DBH_AAAI,EMOBON00087,https://www.qiagen.com/us/products/discovery-and-translational-research/dna-rna-purification/dna-purification/microbial-dna/dneasy-powersoil-pro-kit?catno=47016,metag,52460513,paired,metag,metag,metag,metag,,,DNA Polymerase:taq Q5;NoPCRs:2;PCRvolume:30;Nocycles:10,basic Genoscope QC,Illumina NovaSeq 6000,5.56,,489.3,METAGENOMIC,220712_JARVIS_HMNJKDSX3,DBH_AAAIOSDA_1_HMNJKDSX3.UDI224,DDC_AAAAOSDA_1_HMNJKDSX3.UDI201,,EMOBON_BPNS_So_210825_micro_2_metag,,Prod_ILL_BqADN_NEBUII_151_v4; Bq NEB Next Ultra II,EMOBON_BPNS_So_13
EMOBON_NRMCB_So_210621_micro_1,DBH_AAAC,EMOBON00094,https://www.qiagen.com/us/products/discovery-and-translational-research/dna-rna-purification/dna-purification/microbial-dna/dneasy-powersoil-pro-kit?catno=47016,metag,98315027,paired,metag,metag,metag,metag,,,DNA Polymerase:taq Q5;NoPCRs:2;PCRvolume:30;Nocycles:11,basic Genoscope QC,Illumina NovaSeq 6000,16.7,,1486.3,METAGENOMIC,220223_JARVIS_HWLTKDRXY,DBH_AAACOSDA_1_HWLTKDRXY.UDI211,DDC_AAAAOSDA_1_HWLTKDRXY.UDI212,DDC_AAABOSDA_1_HWLTKDRXY.UDI213,EMOBON_NRMCB So 210621_micro_1_metag,,Prod_ILL_BqADN_NEBUII_151_v4; Bq NEB Next Ultra II,EMOBON_NRMCB_So_1
EMOBON_NRMCB_So_210621_micro_2,DBH_AAAF,EMOBON00095,https://www.qiagen.com/us/products/discovery-and-translational-research/dna-rna-purification/dna-purification/microbial-dna/dneasy-powersoil-pro-kit?catno=47016,metag,49770551,paired,metag,metag,metag,metag,,,DNA Polymerase:taq Q5;NoPCRs:2;PCRvolume:30;Nocycles:10,basic Genoscope QC,Illumina NovaSeq 6000,21.9,,1883.4,METAGENOMIC,220712_JARVIS_HMNJKDSX3,DBH_AAAFOSDA_1_HMNJKDSX3.UDI283,DDC_AAAAOSDA_1_HMNJKDSX3.UDI201,,EMOBON_NRMCB So 210621_micro_2_metag,,Prod_ILL_BqADN_NEBUII_151_v4; Bq NEB Next Ultra II,EMOBON_NRMCB_So_2
EMOBON_NRMCB_So_210831_micro_1,DBH_AAAG,EMOBON00097,https://www.qiagen.com/us/products/discovery-and-translational-research/dna-rna-purification/dna-purification/microbial-dna/dneasy-powersoil-pro-kit?catno=47016,metag,53813205,paired,metag,metag,metag,metag,,,DNA Polymerase:taq Q5;NoPCRs:2;PCRvolume:30;Nocycles:10,basic Genoscope QC,Illumina NovaSeq 6000,30.5,,2470.5,METAGENOMIC,220712_JARVIS_HMNJKDSX3,DBH_AAAGOSDA_1_HMNJKDSX3.UDI200,DDC_AAAAOSDA_1_HMNJKDSX3.UDI201,,EMOBON_NRMCB So 210831_micro_1_metag,,Prod_ILL_BqADN_NEBUII_151_v4; Bq NEB Next Ultra II,EMOBON_NRMCB_So_6
EMOBON_NRMCB_So_210831_micro_2,DBH_AAAH,EMOBON00098,https://www.qiagen.com/us/products/discovery-and-translational-research/dna-rna-purification/dna-purification/microbial-dna/dneasy-powersoil-pro-kit?catno=47016,metag,50894999,paired,metag,metag,metag,metag,,,DNA Polymerase:taq Q5;NoPCRs:2;PCRvolume:30;Nocycles:10,basic Genoscope QC,Illumina NovaSeq 6000,33.3,,2797.2,METAGENOMIC,220712_JARVIS_HMNJKDSX3,DBH_AAAHOSDA_1_HMNJKDSX3.UDI212,DDC_AAAAOSDA_1_HMNJKDSX3.UDI201,,EMOBON_NRMCB So 210831_micro_2_metag,,Prod_ILL_BqADN_NEBUII_151_v4; Bq NEB Next Ultra II,EMOBON_NRMCB_So_7
EMOBON_NRMCB_So_210831_micro_blank,DBH_AAAE,EMOBON00099,https://www.qiagen.com/us/products/discovery-and-translational-research/dna-rna-purification/dna-purification/microbial-dna/dneasy-powersoil-pro-kit?catno=47016,metag,43917269,paired,metag,metag,metag,metag,,,DNA Polymerase:taq Q5;NoPCRs:2;PCRvolume:2;Nocycles:18,basic Genoscope QC,Illumina NovaSeq 6000,,,,METAGENOMIC,220712_JARVIS_HMNJKDSX3,DBH_AAAEOSDA_4_HMNJKDSX3.UDI204,DDC_AAAAOSDA_1_HMNJKDSX3.UDI201,,EMOBON_NRMCB So 210831_micro_blank_metag,,Prod_ILL_BqADN_NEBUII_151_v4; Bq NEB Next Ultra II,EMOBON_NRMCB_So_10
EMOBON_OOB_So_210608_micro_1,DBH_AAAA,EMOBON00001,https://www.qiagen.com/us/products/discovery-and-translational-research/dna-rna-purification/dna-purification/microbial-dna/dneasy-powersoil-pro-kit?catno=47016,metag,58079642,paired,metag,metag,metag,metag,,,DNA Polymerase:taq Q5;NoPCRs:2;PCRvolume:30;Nocycles:10,basic Genoscope QC,Illumina NovaSeq 6000,1.7,,125.8,METAGENOMIC,220223_JARVIS_HWLTKDRXY,DBH_AAAAOSDA_1_HWLTKDRXY.UDI235,DDC_AAAAOSDA_1_HWLTKDRXY.UDI212,DDC_AAABOSDA_1_HWLTKDRXY.UDI213,EMOBON_OOB_So_210608_micro_1_metag,,Prod_ILL_BqADN_NEBUII_151_v4; Bq NEB Next Ultra II,EMOBON_OOB_So_1
EMOBON_RFormosa_So_210805_micro_1,DBH_AAAL,EMOBON00092,https://www.qiagen.com/us/products/discovery-and-translational-research/dna-rna-purification/dna-purification/microbial-dna/dneasy-powersoil-pro-kit?catno=47016,metag,61701779,paired,metag,metag,metag,metag,,,DNA Polymerase:taq Q5;NoPCRs:2;PCRvolume:30;Nocycles:10,basic Genoscope QC,Illumina NovaSeq 6000,9.05,,823.6,METAGENOMIC,220712_JARVIS_HMNJKDSX3,DBH_AAALOSDA_1_HMNJKDSX3.UDI236,DDC_AAAAOSDA_1_HMNJKDSX3.UDI201,,EMOBON_RFormosa_So_210805_micro_1_metag,,Prod_ILL_BqADN_NEBUII_151_v4; Bq NEB Next Ultra II,EMOBON_RFormosa_So_1
EMOBON_RFormosa_So_210805_micro_2,DBH_AAAM,EMOBON00093,https://www.qiagen.com/us/products/discovery-and-translational-research/dna-rna-purification/dna-purification/microbial-dna/dneasy-powersoil-pro-kit?catno=47016,metag,46798558,paired,metag,metag,metag,metag,,,DNA Polymerase:taq Q5;NoPCRs:2;PCRvolume:30;Nocycles:10,basic Genoscope QC,Illumina NovaSeq 6000,1.17,,104.1,METAGENOMIC,220712_JARVIS_HMNJKDSX3,DBH_AAAMOSDA_4_HMNJKDSX3.UDI250,DDC_AAAAOSDA_1_HMNJKDSX3.UDI201,,EMOBON_RFormosa_So_210805_micro_2_metag,,Prod_ILL_BqADN_NEBUII_151_v4; Bq NEB Next Ultra II,EMOBON_RFormosa_So_2
EMOBON_ROSKOGO_So_210826_micro_1,DBH_AAAP,EMOBON00088,https://www.qiagen.com/us/products/discovery-and-translational-research/dna-rna-purification/dna-purification/microbial-dna/dneasy-powersoil-pro-kit?catno=47016,metag,49808546,paired,metag,metag,metag,metag,,,DNA Polymerase:taq Q5;NoPCRs:2;PCRvolume:30;Nocycles:10,basic Genoscope QC,Illumina NovaSeq 6000,48.3,,4395.3,METAGENOMIC,220712_JARVIS_HMNJKDSX3,DBH_AAAPOSDA_1_HMNJKDSX3.UDI272,DDC_AAAAOSDA_1_HMNJKDSX3.UDI201,,EMOBON_ROSKOGO_So_210826_micro_1_metag,,Prod_ILL_BqADN_NEBUII_151_v4; Bq NEB Next Ultra II,EMOBON_ROSKOGO_So_1
EMOBON_ROSKOGO_So_210826_micro_2,DBH_AAAQ,EMOBON00089,https://www.qiagen.com/us/products/discovery-and-translational-research/dna-rna-purification/dna-purification/microbial-dna/dneasy-powersoil-pro-kit?catno=47016,metag,54618972,paired,metag,metag,metag,metag,,,DNA Polymerase:taq Q5;NoPCRs:2;PCRvolume:30;Nocycles:10,basic Genoscope QC,Illumina NovaSeq 6000,29.1,,2619,METAGENOMIC,220712_JARVIS_HMNJKDSX3,DBH_AAAQOSDA_1_HMNJKDSX3.UDI284,DDC_AAAAOSDA_1_HMNJKDSX3.UDI201,,EMOBON_ROSKOGO_So_210826_micro_2_metag,,Prod_ILL_BqADN_NEBUII_151_v4; Bq NEB Next Ultra II,EMOBON_ROSKOGO_So_2
EMOBON_AAOT_Wa_210622_0.2um_1,DBB_AAAU,EMOBON00050,https://www.protocols.io/view/cryogrinding-protocol-mecanic-lysis-of-planktonic-n92ldyq88l5b/v1; https://www.protocols.io/view/rna-dna-extraction-from-plankton-natural-samples-u-eq2lynz2qvx9/v1; https://www.fishersci.com/shop/products/nucleospin-rna-ii-740955-250/NC0707522; https://www.mn-net.com/lysis-buffer-ra1-740961,metag,58319864,paired,metag,metag,metag,metag,,,DNA Polymerase:taq Q5;NoPCRs:2;PCRvolume:30;Nocycles:10,basic Genoscope QC,Illumina NovaSeq 6000,16.85,,1651.3,METAGENOMIC,220712_JARVIS_HMNJKDSX3,DBB_AAAUOSDA_1_HMNJKDSX3.UDI230,DDC_AAAAOSDA_1_HMNJKDSX3.UDI201,,EMOBON_AAOT_Wa_210622_0.2um_1_metag,,Prod_ILL_BqADN_NEBUII_151_v4; Bq NEB Next Ultra II,EMOBON_AAOT_Wa_6
EMOBON_AAOT_Wa_210622_0.2um_2,DBB_AAAV,EMOBON00051,https://www.protocols.io/view/cryogrinding-protocol-mecanic-lysis-of-planktonic-n92ldyq88l5b/v1; https://www.protocols.io/view/rna-dna-extraction-from-plankton-natural-samples-u-eq2lynz2qvx9/v1; https://www.fishersci.com/shop/products/nucleospin-rna-ii-740955-250/NC0707522; https://www.mn-net.com/lysis-buffer-ra1-740961,metag,52213740,paired,metag,metag,metag,metag,,,DNA Polymerase:taq Q5;NoPCRs:2;PCRvolume:30;Nocycles:10,basic Genoscope QC,Illumina NovaSeq 6000,24.6,,2410.8,METAGENOMIC,220712_JARVIS_HMNJKDSX3,DBB_AAAVOSDA_1_HMNJKDSX3.UDI242,DDC_AAAAOSDA_1_HMNJKDSX3.UDI201,,EMOBON_AAOT_Wa_210622_0.2um_2_metag,,Prod_ILL_BqADN_NEBUII_151_v4; Bq NEB Next Ultra II,EMOBON_AAOT_Wa_7
EMOBON_AAOT_Wa_210622_3um_1,DBB_AAAS,EMOBON00048,https://www.protocols.io/view/cryogrinding-protocol-mecanic-lysis-of-planktonic-n92ldyq88l5b/v1; https://www.protocols.io/view/rna-dna-extraction-from-plankton-natural-samples-u-eq2lynz2qvx9/v1; https://www.fishersci.com/shop/products/nucleospin-rna-ii-740955-250/NC0707522; https://www.mn-net.com/lysis-buffer-ra1-740961,metag,79607707,paired,metag,metag,metag,metag,,,DNA Polymerase:taq Q5;NoPCRs:2;PCRvolume:30;Nocycles:10,basic Genoscope QC,Illumina NovaSeq 6000,8.07,,790.9,METAGENOMIC,220622_JARVIS_HMGW5DSX3,DBB_AAASOSDA_4_HMGW5DSX3.UDI206,DDC_AAAAOSDA_4_HMGW5DSX3.UDI201,DDC_AAABOSDA_4_HMGW5DSX3.UDI213,EMOBON_AAOT_Wa_210622_3um_1_metag,,Prod_ILL_BqADN_NEBUII_151_v4; Bq NEB Next Ultra II,EMOBON_AAOT_Wa_1
EMOBON_AAOT_Wa_210622_3um_2,DBB_AAAT,EMOBON00049,https://www.protocols.io/view/cryogrinding-protocol-mecanic-lysis-of-planktonic-n92ldyq88l5b/v1; https://www.protocols.io/view/rna-dna-extraction-from-plankton-natural-samples-u-eq2lynz2qvx9/v1; https://www.fishersci.com/shop/products/nucleospin-rna-ii-740955-250/NC0707522; https://www.mn-net.com/lysis-buffer-ra1-740961,metag,78700756,paired,metag,metag,metag,metag,,,DNA Polymerase:taq Q5;NoPCRs:2;PCRvolume:30;Nocycles:10,basic Genoscope QC,Illumina NovaSeq 6000,9.09,,890.8,METAGENOMIC,220622_JARVIS_HMGW5DSX3,DBB_AAATOSDA_4_HMGW5DSX3.UDI218,DDC_AAAAOSDA_4_HMGW5DSX3.UDI201,DDC_AAABOSDA_4_HMGW5DSX3.UDI213,EMOBON_AAOT_Wa_210622_3um_2_metag,,Prod_ILL_BqADN_NEBUII_151_v4; Bq NEB Next Ultra II,EMOBON_AAOT_Wa_2
EMOBON_AAOT_Wa_210809_0.2um_1,DBB_AAAY,EMOBON00054,https://www.protocols.io/view/cryogrinding-protocol-mecanic-lysis-of-planktonic-n92ldyq88l5b/v1; https://www.protocols.io/view/rna-dna-extraction-from-plankton-natural-samples-u-eq2lynz2qvx9/v1; https://www.fishersci.com/shop/products/nucleospin-rna-ii-740955-250/NC0707522; https://www.mn-net.com/lysis-buffer-ra1-740961,metag,51762061,paired,metag,metag,metag,metag,,,DNA Polymerase:taq Q5;NoPCRs:2;PCRvolume:30;Nocycles:10,basic Genoscope QC,Illumina NovaSeq 6000,5.67,,555.7,METAGENOMIC,220712_JARVIS_HMNJKDSX3,DBB_AAAYOSDA_1_HMNJKDSX3.UDI254,DDC_AAAAOSDA_1_HMNJKDSX3.UDI201,,EMOBON_AAOT_Wa_210809_0.2um_1_metag,,Prod_ILL_BqADN_NEBUII_151_v4; Bq NEB Next Ultra II,EMOBON_AAOT_Wa_26
EMOBON_AAOT_Wa_210809_0.2um_2,DBB_AAAZ,EMOBON00055,https://www.protocols.io/view/cryogrinding-protocol-mecanic-lysis-of-planktonic-n92ldyq88l5b/v1; https://www.protocols.io/view/rna-dna-extraction-from-plankton-natural-samples-u-eq2lynz2qvx9/v1; https://www.fishersci.com/shop/products/nucleospin-rna-ii-740955-250/NC0707522; https://www.mn-net.com/lysis-buffer-ra1-740961,metag,46817773,paired,metag,metag,metag,metag,,,DNA Polymerase:taq Q5;NoPCRs:2;PCRvolume:30;Nocycles:10,basic Genoscope QC,Illumina NovaSeq 6000,5.21,,510.6,METAGENOMIC,220712_JARVIS_HMNJKDSX3,DBB_AAAZOSDA_1_HMNJKDSX3.UDI266,DDC_AAAAOSDA_1_HMNJKDSX3.UDI201,,EMOBON_AAOT_Wa_210809_0.2um_2_metag,,Prod_ILL_BqADN_NEBUII_151_v4; Bq NEB Next Ultra II,EMOBON_AAOT_Wa_27
EMOBON_AAOT_Wa_210809_3um_2,DBB_AAAX,EMOBON00053,https://www.protocols.io/view/cryogrinding-protocol-mecanic-lysis-of-planktonic-n92ldyq88l5b/v1; https://www.protocols.io/view/rna-dna-extraction-from-plankton-natural-samples-u-eq2lynz2qvx9/v1; https://www.fishersci.com/shop/products/nucleospin-rna-ii-740955-250/NC0707522; https://www.mn-net.com/lysis-buffer-ra1-740961,metag,75900755,paired,metag,metag,metag,metag,,,DNA Polymerase:taq Q5;NoPCRs:2;PCRvolume:30;Nocycles:10,basic Genoscope QC,Illumina NovaSeq 6000,1.195,,117.1,METAGENOMIC,220622_JARVIS_HMGW5DSX3,DBB_AAAXOSDA_4_HMGW5DSX3.UDI227,DDC_AAAAOSDA_4_HMGW5DSX3.UDI201,DDC_AAABOSDA_4_HMGW5DSX3.UDI213,EMOBON_AAOT_Wa_210809_3um_2_metag,,Prod_ILL_BqADN_NEBUII_151_v4; Bq NEB Next Ultra II,EMOBON_AAOT_Wa_22
EMOBON_BPNS_Wa_210701_0.2um_1,DBB_AACV,EMOBON00010,https://www.protocols.io/view/cryogrinding-protocol-mecanic-lysis-of-planktonic-n92ldyq88l5b/v1; https://www.protocols.io/view/rna-dna-extraction-from-plankton-natural-samples-u-eq2lynz2qvx9/v1; https://www.fishersci.com/shop/products/nucleospin-rna-ii-740955-250/NC0707522; https://www.mn-net.com/lysis-buffer-ra1-740961,metag,59885936,paired,metag,metag,metag,metag,,,DNA Polymerase:taq Q5;NoPCRs:2;PCRvolume:30;Nocycles:10,basic Genoscope QC,Illumina NovaSeq 6000,19.2,,2016,METAGENOMIC,220712_JARVIS_HMNJKDSX3,DBB_AACVOSDA_1_HMNJKDSX3.UDI235,DDC_AAAAOSDA_1_HMNJKDSX3.UDI201,,EMOBON_BPNS_Wa_210701_0.2um_1_metag,,Prod_ILL_BqADN_NEBUII_151_v4; Bq NEB Next Ultra II,EMOBON_BPNS_Wa_7
EMOBON_BPNS_Wa_210701_0.2um_2,DBB_AACU,EMOBON00009,https://www.protocols.io/view/cryogrinding-protocol-mecanic-lysis-of-planktonic-n92ldyq88l5b/v1; https://www.protocols.io/view/rna-dna-extraction-from-plankton-natural-samples-u-eq2lynz2qvx9/v1; https://www.fishersci.com/shop/products/nucleospin-rna-ii-740955-250/NC0707522; https://www.mn-net.com/lysis-buffer-ra1-740961,metag,57150226,paired,metag,metag,metag,metag,,,DNA Polymerase:taq Q5;NoPCRs:2;PCRvolume:30;Nocycles:10,basic Genoscope QC,Illumina NovaSeq 6000,17.85,,1749.30,METAGENOMIC,220712_JARVIS_HMNJKDSX3,DBB_AACUOSDA_1_HMNJKDSX3.UDI223,DDC_AAAAOSDA_1_HMNJKDSX3.UDI201,EMOBON_BPNS_Wa_210701_0.2um_2_metag,,Prod_ILL_BqADN_NEBUII_151_v4; Bq NEB Next Ultra II,EMOBON_BPNS_Wa_6
EMOBON_BPNS_Wa_210701_3um_1,DBB_AACS,EMOBON00007,https://www.protocols.io/view/cryogrinding-protocol-mecanic-lysis-of-planktonic-n92ldyq88l5b/v1; https://www.protocols.io/view/rna-dna-extraction-from-plankton-natural-samples-u-eq2lynz2qvx9/v1; https://www.fishersci.com/shop/products/nucleospin-rna-ii-740955-250/NC0707522; https://www.mn-net.com/lysis-buffer-ra1-740961,metag,74391439,paired,metag,metag,metag,metag,,,DNA Polymerase:taq Q5;NoPCRs:2;PCRvolume:30;Nocycles:10,basic Genoscope QC,Illumina NovaSeq 6000,9.37,,918.3,METAGENOMIC,220622_JARVIS_HMGW5DSX3,DBB_AACSOSDA_4_HMGW5DSX3.UDI199,DDC_AAAAOSDA_4_HMGW5DSX3.UDI201,DDC_AAABOSDA_4_HMGW5DSX3.UDI213,EMOBON_BPNS_Wa_210701_3um_1_metag,,Prod_ILL_BqADN_NEBUII_151_v4; Bq NEB Next Ultra II,EMOBON_BPNS_Wa_1
EMOBON_BPNS_Wa_210701_3um_2,DBB_AACT,EMOBON00008,https://www.protocols.io/view/cryogrinding-protocol-mecanic-lysis-of-planktonic-n92ldyq88l5b/v1; https://www.protocols.io/view/rna-dna-extraction-from-plankton-natural-samples-u-eq2lynz2qvx9/v1; https://www.fishersci.com/shop/products/nucleospin-rna-ii-740955-250/NC0707522; https://www.mn-net.com/lysis-buffer-ra1-740961,metag,87844664,paired,metag,metag,metag,metag,,,DNA Polymerase:taq Q5;NoPCRs:2;PCRvolume:30;Nocycles:10,basic Genoscope QC,Illumina NovaSeq 6000,2.45,,240.1,METAGENOMIC,220622_JARVIS_HMGW5DSX3,DBB_AACTOSDA_4_HMGW5DSX3.UDI211,DDC_AAAAOSDA_4_HMGW5DSX3.UDI201,DDC_AAABOSDA_4_HMGW5DSX3.UDI213,EMOBON_BPNS_Wa_210701_3um_2_metag,,Prod_ILL_BqADN_NEBUII_151_v4; Bq NEB Next Ultra II,EMOBON_BPNS_Wa_2
EMOBON_BPNS_Wa_210825_0.2um_1,DBB_AACY,EMOBON00013,https://www.protocols.io/view/cryogrinding-protocol-mecanic-lysis-of-planktonic-n92ldyq88l5b/v1; https://www.protocols.io/view/rna-dna-extraction-from-plankton-natural-samples-u-eq2lynz2qvx9/v1; https://www.fishersci.com/shop/products/nucleospin-rna-ii-740955-250/NC0707522; https://www.mn-net.com/lysis-buffer-ra1-740961,metag,50474845,paired,metag,metag,metag,metag,,,DNA Polymerase:taq Q5;NoPCRs:2;PCRvolume:30;Nocycles:10,basic Genoscope QC,Illumina NovaSeq 6000,34.4,,3371.2,METAGENOMIC,220712_JARVIS_HMNJKDSX3,DBB_AACYOSDA_1_HMNJKDSX3.UDI271,DDC_AAAAOSDA_1_HMNJKDSX3.UDI201,,EMOBON_BPNS_Wa_210825_0.2um_1_metag,,Prod_ILL_BqADN_NEBUII_151_v4; Bq NEB Next Ultra II,EMOBON_BPNS_Wa_26
EMOBON_BPNS_Wa_210825_0.2um_2,DBB_AACE,EMOBON00014,https://www.protocols.io/view/cryogrinding-protocol-mecanic-lysis-of-planktonic-n92ldyq88l5b/v1; https://www.protocols.io/view/rna-dna-extraction-from-plankton-natural-samples-u-eq2lynz2qvx9/v1; https://www.fishersci.com/shop/products/nucleospin-rna-ii-740955-250/NC0707522; https://www.mn-net.com/lysis-buffer-ra1-740961,metag,67391159,paired,metag,metag,metag,metag,,,DNA Polymerase:taq Q5;NoPCRs:2;PCRvolume:30;Nocycles:10,basic Genoscope QC,Illumina NovaSeq 6000,17.2,,1685.6,METAGENOMIC,220712_JARVIS_HMNJKDSX3,DBB_AACEOSDA_1_HMNJKDSX3.UDI221,DDC_AAAAOSDA_1_HMNJKDSX3.UDI201,,EMOBON_BPNS_Wa_210825_0.2um_2_metag,,Prod_ILL_BqADN_NEBUII_151_v4; Bq NEB Next Ultra II,EMOBON_BPNS_Wa_27
EMOBON_BPNS_Wa_210825_3um_1,DBB_AACW,EMOBON00011,https://www.protocols.io/view/cryogrinding-protocol-mecanic-lysis-of-planktonic-n92ldyq88l5b/v1; https://www.protocols.io/view/rna-dna-extraction-from-plankton-natural-samples-u-eq2lynz2qvx9/v1; https://www.fishersci.com/shop/products/nucleospin-rna-ii-740955-250/NC0707522; https://www.mn-net.com/lysis-buffer-ra1-740961,metag,70644143,paired,metag,metag,metag,metag,,,DNA Polymerase:taq Q5;NoPCRs:2;PCRvolume:30;Nocycles:10,basic Genoscope QC,Illumina NovaSeq 6000,18.65,,1827.7,METAGENOMIC,220622_JARVIS_HMGW5DSX3,DBB_AACWOSDA_4_HMGW5DSX3.UDI247,DDC_AAAAOSDA_4_HMGW5DSX3.UDI201,DDC_AAABOSDA_4_HMGW5DSX3.UDI213,EMOBON_BPNS_Wa_210825_3um_1_metag,,Prod_ILL_BqADN_NEBUII_151_v4; Bq NEB Next Ultra II,EMOBON_BPNS_Wa_21
EMOBON_BPNS_Wa_210825_3um_2,DBB_AACX,EMOBON00012,https://www.protocols.io/view/cryogrinding-protocol-mecanic-lysis-of-planktonic-n92ldyq88l5b/v1; https://www.protocols.io/view/rna-dna-extraction-from-plankton-natural-samples-u-eq2lynz2qvx9/v1; https://www.fishersci.com/shop/products/nucleospin-rna-ii-740955-250/NC0707522; https://www.mn-net.com/lysis-buffer-ra1-740961,metag,88712287,paired,metag,metag,metag,metag,,,DNA Polymerase:taq Q5;NoPCRs:2;PCRvolume:30;Nocycles:10,basic Genoscope QC,Illumina NovaSeq 6000,25,,2450,METAGENOMIC,220622_JARVIS_HMGW5DSX3,DBB_AACXOSDA_4_HMGW5DSX3.UDI259,DDC_AAAAOSDA_4_HMGW5DSX3.UDI201,DDC_AAABOSDA_4_HMGW5DSX3.UDI213,EMOBON_BPNS_Wa_210825_3um_2_metag,,Prod_ILL_BqADN_NEBUII_151_v4; Bq NEB Next Ultra II,EMOBON_BPNS_Wa_22
EMOBON_EMT21_Wa_210825_0.2um_1,DBB_AACH,EMOBON00033,https://www.protocols.io/view/cryogrinding-protocol-mecanic-lysis-of-planktonic-n92ldyq88l5b/v1; https://www.protocols.io/view/rna-dna-extraction-from-plankton-natural-samples-u-eq2lynz2qvx9/v1; https://www.fishersci.com/shop/products/nucleospin-rna-ii-740955-250/NC0707522; https://www.mn-net.com/lysis-buffer-ra1-740961,metag,48908124,paired,metag,metag,metag,metag,,,DNA Polymerase:taq Q5;NoPCRs:2;PCRvolume:30;Nocycles:10,basic Genoscope QC,Illumina NovaSeq 6000,6.86,,672.3,METAGENOMIC,220712_JARVIS_HMNJKDSX3,DBB_AACHOSDA_1_HMNJKDSX3.UDI257,DDC_AAAAOSDA_1_HMNJKDSX3.UDI201,,EMOBON_EMT21_Wa_210825_0.2um_1_metag,,Prod_ILL_BqADN_NEBUII_151_v4; Bq NEB Next Ultra II,EMOBON_EMT21_Wa_6
EMOBON_EMT21_Wa_210825_0.2um_2,DBB_AACI,EMOBON00034,https://www.protocols.io/view/cryogrinding-protocol-mecanic-lysis-of-planktonic-n92ldyq88l5b/v1; https://www.protocols.io/view/rna-dna-extraction-from-plankton-natural-samples-u-eq2lynz2qvx9/v1; https://www.fishersci.com/shop/products/nucleospin-rna-ii-740955-250/NC0707522; https://www.mn-net.com/lysis-buffer-ra1-740961,metag,49463183,paired,metag,metag,metag,metag,,,DNA Polymerase:taq Q5;NoPCRs:2;PCRvolume:30;Nocycles:10,basic Genoscope QC,Illumina NovaSeq 6000,19.5,,1911,METAGENOMIC,220712_JARVIS_HMNJKDSX3,DBB_AACIOSDA_1_HMNJKDSX3.UDI269,DDC_AAAAOSDA_1_HMNJKDSX3.UDI201,,EMOBON_EMT21_Wa_210825_0.2um_2_metag,,Prod_ILL_BqADN_NEBUII_151_v4; Bq NEB Next Ultra II,EMOBON_EMT21_Wa_7
EMOBON_EMT21_Wa_210825_3um_1,DBB_AACF,EMOBON00031,https://www.protocols.io/view/cryogrinding-protocol-mecanic-lysis-of-planktonic-n92ldyq88l5b/v1; https://www.protocols.io/view/rna-dna-extraction-from-plankton-natural-samples-u-eq2lynz2qvx9/v1; https://www.fishersci.com/shop/products/nucleospin-rna-ii-740955-250/NC0707522; https://www.mn-net.com/lysis-buffer-ra1-740961,metag,95566929,paired,metag,metag,metag,metag,,,DNA Polymerase:taq Q5;NoPCRs:2;PCRvolume:30;Nocycles:10,basic Genoscope QC,Illumina NovaSeq 6000,3.1,,303.8,METAGENOMIC,220622_JARVIS_HMGW5DSX3,DBB_AACFOSDA_4_HMGW5DSX3.UDI233,DDC_AAAAOSDA_4_HMGW5DSX3.UDI201,DDC_AAABOSDA_4_HMGW5DSX3.UDI213,EMOBON_EMT21_Wa_210825_3um_1_metag,,Prod_ILL_BqADN_NEBUII_151_v4; Bq NEB Next Ultra II,EMOBON_EMT21_Wa_1
EMOBON_EMT21_Wa_210825_3um_2,DBB_AACG,EMOBON00032,https://www.protocols.io/view/cryogrinding-protocol-mecanic-lysis-of-planktonic-n92ldyq88l5b/v1; https://www.protocols.io/view/rna-dna-extraction-from-plankton-natural-samples-u-eq2lynz2qvx9/v1; https://www.fishersci.com/shop/products/nucleospin-rna-ii-740955-250/NC0707522; https://www.mn-net.com/lysis-buffer-ra1-740961,metag,72618721,paired,metag,metag,metag,metag,,,DNA Polymerase:taq Q5;NoPCRs:2;PCRvolume:30;Nocycles:10,basic Genoscope QC,Illumina NovaSeq 6000,3.8,,372.4,METAGENOMIC,220622_JARVIS_HMGW5DSX3,DBB_AACGOSDA_4_HMGW5DSX3.UDI245,DDC_AAAAOSDA_4_HMGW5DSX3.UDI201,DDC_AAABOSDA_4_HMGW5DSX3.UDI213,EMOBON_EMT21_Wa_210825_3um_2_metag,,Prod_ILL_BqADN_NEBUII_151_v4; Bq NEB Next Ultra II,EMOBON_EMT21_Wa_2
EMOBON_ESC68N_Wa_210830_0.2um_1,DBB_AABE,EMOBON00005,https://www.protocols.io/view/cryogrinding-protocol-mecanic-lysis-of-planktonic-n92ldyq88l5b/v1; https://www.protocols.io/view/rna-dna-extraction-from-plankton-natural-samples-u-eq2lynz2qvx9/v1; https://www.fishersci.com/shop/products/nucleospin-rna-ii-740955-250/NC0707522; https://www.mn-net.com/lysis-buffer-ra1-740961,metag,52904712,paired,metag,metag,metag,metag,,,DNA Polymerase:taq Q5;NoPCRs:2;PCRvolume:30;Nocycles:10,basic Genoscope QC,Illumina NovaSeq 6000,4.29,,420.4,METAGENOMIC,220712_JARVIS_HMNJKDSX3,DBB_AABEOSDA_1_HMNJKDSX3.UDI231,DDC_AAAAOSDA_1_HMNJKDSX3.UDI201,,EMOBON_ESC68N_Wa_210830_0.2um_1_metag,,Prod_ILL_BqADN_NEBUII_151_v4; Bq NEB Next Ultra II,EMOBON_ESC68N_Wa_3
EMOBON_ESC68N_Wa_210830_0.2um_2,DBB_AABF,EMOBON00006,https://www.protocols.io/view/cryogrinding-protocol-mecanic-lysis-of-planktonic-n92ldyq88l5b/v1; https://www.protocols.io/view/rna-dna-extraction-from-plankton-natural-samples-u-eq2lynz2qvx9/v1; https://www.fishersci.com/shop/products/nucleospin-rna-ii-740955-250/NC0707522; https://www.mn-net.com/lysis-buffer-ra1-740961,metag,54961453,paired,metag,metag,metag,metag,,,DNA Polymerase:taq Q5;NoPCRs:2;PCRvolume:30;Nocycles:10,basic Genoscope QC,Illumina NovaSeq 6000,1.495,,146.5,METAGENOMIC,220712_JARVIS_HMNJKDSX3,DBB_AABFOSDA_4_HMNJKDSX3.UDI228,DDC_AAAAOSDA_1_HMNJKDSX3.UDI201,,EMOBON_ESC68N_Wa_210830_0.2um_2_metag,,Prod_ILL_BqADN_NEBUII_151_v4; Bq NEB Next Ultra II,EMOBON_ESC68N_Wa_4
EMOBON_ESC68N_Wa_210830_3um_1,DBB_AABC,EMOBON00003,https://www.protocols.io/view/cryogrinding-protocol-mecanic-lysis-of-planktonic-n92ldyq88l5b/v1; https://www.protocols.io/view/rna-dna-extraction-from-plankton-natural-samples-u-eq2lynz2qvx9/v1; https://www.fishersci.com/shop/products/nucleospin-rna-ii-740955-250/NC0707522; https://www.mn-net.com/lysis-buffer-ra1-740961,metag,85129819,paired,metag,metag,metag,metag,,,DNA Polymerase:taq Q5;NoPCRs:2;PCRvolume:30;Nocycles:10,basic Genoscope QC,Illumina NovaSeq 6000,3.69,,361.6,METAGENOMIC,220622_JARVIS_HMGW5DSX3,DBB_AABCOSDA_4_HMGW5DSX3.UDI207,DDC_AAAAOSDA_4_HMGW5DSX3.UDI201,DDC_AAABOSDA_4_HMGW5DSX3.UDI213,EMOBON_ESC68N_Wa_210830_3um_1_metag,,Prod_ILL_BqADN_NEBUII_151_v4; Bq NEB Next Ultra II,EMOBON_ESC68N_Wa_1
EMOBON_ESC68N_Wa_210830_3um_2,DBB_AABD,EMOBON00004,https://www.protocols.io/view/cryogrinding-protocol-mecanic-lysis-of-planktonic-n92ldyq88l5b/v1; https://www.protocols.io/view/rna-dna-extraction-from-plankton-natural-samples-u-eq2lynz2qvx9/v1; https://www.fishersci.com/shop/products/nucleospin-rna-ii-740955-250/NC0707522; https://www.mn-net.com/lysis-buffer-ra1-740961,metag,81370157,paired,metag,metag,metag,metag,,,DNA Polymerase:taq Q5;NoPCRs:2;PCRvolume:30;Nocycles:10,basic Genoscope QC,Illumina NovaSeq 6000,5.05,,494.9,METAGENOMIC,220622_JARVIS_HMGW5DSX3,DBB_AABDOSDA_4_HMGW5DSX3.UDI219,DDC_AAAAOSDA_4_HMGW5DSX3.UDI201,DDC_AAABOSDA_4_HMGW5DSX3.UDI213,EMOBON_ESC68N_Wa_210830_3um_2_metag,,Prod_ILL_BqADN_NEBUII_151_v4; Bq NEB Next Ultra II,EMOBON_ESC68N_Wa_2
EMOBON_HCMR-1_Wa_210628_0.2um_1,DBB_AABK,EMOBON00071,https://www.protocols.io/view/cryogrinding-protocol-mecanic-lysis-of-planktonic-n92ldyq88l5b/v1; https://www.protocols.io/view/rna-dna-extraction-from-plankton-natural-samples-u-eq2lynz2qvx9/v1; https://www.fishersci.com/shop/products/nucleospin-rna-ii-740955-250/NC0707522; https://www.mn-net.com/lysis-buffer-ra1-740961,metag,49923687,paired,metag,metag,metag,metag,,,DNA Polymerase:taq Q5;NoPCRs:2;PCRvolume:30;Nocycles:10,basic Genoscope QC,Illumina NovaSeq 6000,4.83,,473.3,METAGENOMIC,220712_JARVIS_HMNJKDSX3,DBB_AABKOSDA_1_HMNJKDSX3.UDI267,DDC_AAAAOSDA_1_HMNJKDSX3.UDI201,,EMOBON_HCMR-1_Wa_210628_0.2um_1_metag,,Prod_ILL_BqADN_NEBUII_151_v4; Bq NEB Next Ultra II,EMOBON_HCMR-1_Wa_5
EMOBON_HCMR-1_Wa_210628_0.2um_2,DBB_AABL,EMOBON00072,https://www.protocols.io/view/cryogrinding-protocol-mecanic-lysis-of-planktonic-n92ldyq88l5b/v1; https://www.protocols.io/view/rna-dna-extraction-from-plankton-natural-samples-u-eq2lynz2qvx9/v1; https://www.fishersci.com/shop/products/nucleospin-rna-ii-740955-250/NC0707522; https://www.mn-net.com/lysis-buffer-ra1-740961,metag,46200567,paired,metag,metag,metag,metag,,,DNA Polymerase:taq Q5;NoPCRs:2;PCRvolume:30;Nocycles:10,basic Genoscope QC,Illumina NovaSeq 6000,8.05,,788.9,METAGENOMIC,220712_JARVIS_HMNJKDSX3,DBB_AABLOSDA_1_HMNJKDSX3.UDI279,DDC_AAAAOSDA_1_HMNJKDSX3.UDI201,,EMOBON_HCMR-1_Wa_210628_0.2um_2_metag,,Prod_ILL_BqADN_NEBUII_151_v4; Bq NEB Next Ultra II,EMOBON_HCMR-1_Wa_6
EMOBON_HCMR-1_Wa_210628_3um_1,DBB_AABI,EMOBON00068,https://www.protocols.io/view/cryogrinding-protocol-mecanic-lysis-of-planktonic-n92ldyq88l5b/v1; https://www.protocols.io/view/rna-dna-extraction-from-plankton-natural-samples-u-eq2lynz2qvx9/v1; https://www.fishersci.com/shop/products/nucleospin-rna-ii-740955-250/NC0707522; https://www.mn-net.com/lysis-buffer-ra1-740961,metag,73358810,paired,metag,metag,metag,metag,,,DNA Polymerase:taq Q5;NoPCRs:2;PCRvolume:30;Nocycles:10,basic Genoscope QC,Illumina NovaSeq 6000,1.215,,119.1,METAGENOMIC,220622_JARVIS_HMGW5DSX3,DBB_AABIOSDA_4_HMGW5DSX3.UDI238,DDC_AAAAOSDA_4_HMGW5DSX3.UDI201,DDC_AAABOSDA_4_HMGW5DSX3.UDI213,EMOBON_HCMR-1_Wa_210628_3um_1_metag,,Prod_ILL_BqADN_NEBUII_151_v4; Bq NEB Next Ultra II,EMOBON_HCMR-1_Wa_1
EMOBON_HCMR-1_Wa_210917_0.2um_blank,DBB_AAAF,EMOBON00079,https://www.protocols.io/view/cryogrinding-protocol-mecanic-lysis-of-planktonic-n92ldyq88l5b/v1; https://www.protocols.io/view/rna-dna-extraction-from-plankton-natural-samples-u-eq2lynz2qvx9/v1; https://www.fishersci.com/shop/products/nucleospin-rna-ii-740955-250/NC0707522; https://www.mn-net.com/lysis-buffer-ra1-740961,metag,99665308,paired,metag,metag,metag,metag,,,DNA Polymerase:taq Q5;NoPCRs:2;PCRvolume:30;Nocycles:10,basic Genoscope QC,Illumina NovaSeq 6000,3.57,,314.2,METAGENOMIC,220622_JARVIS_HMGW5DSX3,DBB_AAAFOSDA_4_HMGW5DSX3.UDI193,DDC_AAAAOSDA_4_HMGW5DSX3.UDI201,DDC_AAABOSDA_4_HMGW5DSX3.UDI213,EMOBON_HCMR-1_Wa_210917_0.2um_blank_metag,,Prod_ILL_BqADN_NEBUII_151_v4; Bq NEB Next Ultra II,EMOBON_HCMR-1_Wa_23
EMOBON_HCMR-1_Wa_210917_3um_blank,DBB_AAAE,EMOBON00076,https://www.protocols.io/view/cryogrinding-protocol-mecanic-lysis-of-planktonic-n92ldyq88l5b/v1; https://www.protocols.io/view/rna-dna-extraction-from-plankton-natural-samples-u-eq2lynz2qvx9/v1; https://www.fishersci.com/shop/products/nucleospin-rna-ii-740955-250/NC0707522; https://www.mn-net.com/lysis-buffer-ra1-740961,metag,84837438,paired,metag,metag,metag,metag,,,DNA Polymerase:taq Q5;NoPCRs:2;PCRvolume:30;Nocycles:11,basic Genoscope QC,Illumina NovaSeq 6000,0.878,,77.3,METAGENOMIC,220622_JARVIS_HMGW5DSX3,DBB_AAAEOSDA_4_HMGW5DSX3.UDI216,DDC_AAAAOSDA_4_HMGW5DSX3.UDI201,DDC_AAABOSDA_4_HMGW5DSX3.UDI213,EMOBON_HCMR-1_Wa_210917_3um_blank_metag,,Prod_ILL_BqADN_NEBUII_151_v4; Bq NEB Next Ultra II,EMOBON_HCMR-1_Wa_21
EMOBON_IUIEilat1_Wa_210829_0.2um_1,DBB_AAAM,EMOBON00080,https://www.protocols.io/view/cryogrinding-protocol-mecanic-lysis-of-planktonic-n92ldyq88l5b/v1; https://www.protocols.io/view/rna-dna-extraction-from-plankton-natural-samples-u-eq2lynz2qvx9/v1; https://www.fishersci.com/shop/products/nucleospin-rna-ii-740955-250/NC0707522; https://www.mn-net.com/lysis-buffer-ra1-740961,metag,82699976,paired,metag,metag,metag,metag,,,DNA Polymerase:taq Q5;NoPCRs:2;PCRvolume:30;Nocycles:10,basic Genoscope QC,Illumina NovaSeq 6000,6.32,,619.4,METAGENOMIC,220622_JARVIS_HMGW5DSX3,DBB_AAAMOSDA_4_HMGW5DSX3.UDI241,DDC_AAAAOSDA_4_HMGW5DSX3.UDI201,DDC_AAABOSDA_4_HMGW5DSX3.UDI213,EMOBON_IUIEilat1_Wa_210829_0.2um_1_metag,,Prod_ILL_BqADN_NEBUII_151_v4; Bq NEB Next Ultra II,EMOBON_IUIEilat_Wa_1
EMOBON_IUIEilat1_Wa_210829_0.2um_2,DBB_AAAN,EMOBON00081,https://www.protocols.io/view/cryogrinding-protocol-mecanic-lysis-of-planktonic-n92ldyq88l5b/v1; https://www.protocols.io/view/rna-dna-extraction-from-plankton-natural-samples-u-eq2lynz2qvx9/v1; https://www.fishersci.com/shop/products/nucleospin-rna-ii-740955-250/NC0707522; https://www.mn-net.com/lysis-buffer-ra1-740961,metag,88753591,paired,metag,metag,metag,metag,,,DNA Polymerase:taq Q5;NoPCRs:2;PCRvolume:30;Nocycles:10,basic Genoscope QC,Illumina NovaSeq 6000,9.62,,942.8,METAGENOMIC,220622_JARVIS_HMGW5DSX3,DBB_AAANOSDA_4_HMGW5DSX3.UDI253,DDC_AAAAOSDA_4_HMGW5DSX3.UDI201,DDC_AAABOSDA_4_HMGW5DSX3.UDI213,EMOBON_IUIEilat1_Wa_210829_0.2um_2_metag,,Prod_ILL_BqADN_NEBUII_151_v4; Bq NEB Next Ultra II,EMOBON_IUIEilat_Wa_2
EMOBON_IUIEilat1_Wa_210829_3um_1,DBB_AAAO,EMOBON00082,https://www.protocols.io/view/cryogrinding-protocol-mecanic-lysis-of-planktonic-n92ldyq88l5b/v1; https://www.protocols.io/view/rna-dna-extraction-from-plankton-natural-samples-u-eq2lynz2qvx9/v1; https://www.fishersci.com/shop/products/nucleospin-rna-ii-740955-250/NC0707522; https://www.mn-net.com/lysis-buffer-ra1-740961,metag,62617985,paired,metag,metag,metag,metag,,,DNA Polymerase:taq Q5;NoPCRs:2;PCRvolume:30;Nocycles:10,basic Genoscope QC,Illumina NovaSeq 6000,1.505,,147.5,METAGENOMIC,220622_JARVIS_HMGW5DSX3,DBB_AAAOOSDA_4_HMGW5DSX3.UDI226,DDC_AAAAOSDA_4_HMGW5DSX3.UDI201,DDC_AAABOSDA_4_HMGW5DSX3.UDI213,EMOBON_IUIEilat1_Wa_210829_3um_1_metag,,Prod_ILL_BqADN_NEBUII_151_v4; Bq NEB Next Ultra II,EMOBON_IUIEilat_Wa_5
EMOBON_IUIEilat1_Wa_210829_3um_2,DBB_AAAP,EMOBON00083,https://www.protocols.io/view/cryogrinding-protocol-mecanic-lysis-of-planktonic-n92ldyq88l5b/v1; https://www.protocols.io/view/rna-dna-extraction-from-plankton-natural-samples-u-eq2lynz2qvx9/v1; https://www.fishersci.com/shop/products/nucleospin-rna-ii-740955-250/NC0707522; https://www.mn-net.com/lysis-buffer-ra1-740961,metag,83595057,paired,metag,metag,metag,metag,,,DNA Polymerase:taq Q5;NoPCRs:2;PCRvolume:30;Nocycles:10,basic Genoscope QC,Illumina NovaSeq 6000,1.92,,188.2,METAGENOMIC,220622_JARVIS_HMGW5DSX3,DBB_AAAPOSDA_4_HMGW5DSX3.UDI265,DDC_AAAAOSDA_4_HMGW5DSX3.UDI201,DDC_AAABOSDA_4_HMGW5DSX3.UDI213,EMOBON_IUIEilat1_Wa_210829_3um_2_metag,,Prod_ILL_BqADN_NEBUII_151_v4; Bq NEB Next Ultra II,EMOBON_IUIEilat_Wa_6
EMOBON_NRMCB_Wa_210621_3um_1,DBB_AABA,EMOBON00056,https://www.protocols.io/view/cryogrinding-protocol-mecanic-lysis-of-planktonic-n92ldyq88l5b/v1; https://www.protocols.io/view/rna-dna-extraction-from-plankton-natural-samples-u-eq2lynz2qvx9/v1; https://www.fishersci.com/shop/products/nucleospin-rna-ii-740955-250/NC0707522; https://www.mn-net.com/lysis-buffer-ra1-740961,metag,81490002,paired,metag,metag,metag,metag,,,DNA Polymerase:taq Q5;NoPCRs:2;PCRvolume:30;Nocycles:10,basic Genoscope QC,Illumina NovaSeq 6000,8.29,,812.4,METAGENOMIC,220622_JARVIS_HMGW5DSX3,DBB_AABAOSDA_4_HMGW5DSX3.UDI278,DDC_AAAAOSDA_4_HMGW5DSX3.UDI201,DDC_AAABOSDA_4_HMGW5DSX3.UDI213,EMOBON_NRMCB_Wa_210621_3um_1_metag,,Prod_ILL_BqADN_NEBUII_151_v4; Bq NEB Next Ultra II,EMOBON_NRMCB_Wa_1
EMOBON_NRMCB_Wa_210621_3um_2,DBB_AABB,EMOBON00057,https://www.protocols.io/view/cryogrinding-protocol-mecanic-lysis-of-planktonic-n92ldyq88l5b/v1; https://www.protocols.io/view/rna-dna-extraction-from-plankton-natural-samples-u-eq2lynz2qvx9/v1; https://www.fishersci.com/shop/products/nucleospin-rna-ii-740955-250/NC0707522; https://www.mn-net.com/lysis-buffer-ra1-740961,metag,85203137,paired,metag,metag,metag,metag,,,DNA Polymerase:taq Q5;NoPCRs:2;PCRvolume:30;Nocycles:10,basic Genoscope QC,Illumina NovaSeq 6000,9.41,,922.2,METAGENOMIC,220622_JARVIS_HMGW5DSX3,DBB_AABBOSDA_4_HMGW5DSX3.UDI195,DDC_AAAAOSDA_4_HMGW5DSX3.UDI201,DDC_AAABOSDA_4_HMGW5DSX3.UDI213,EMOBON_NRMCB_Wa_210621_3um_2_metag,,Prod_ILL_BqADN_NEBUII_151_v4; Bq NEB Next Ultra II,EMOBON_NRMCB_Wa_2
EMOBON_NRMCB_Wa_210831_0.2um_1,DBB_AABS,EMOBON00065,https://www.protocols.io/view/cryogrinding-protocol-mecanic-lysis-of-planktonic-n92ldyq88l5b/v1; https://www.protocols.io/view/rna-dna-extraction-from-plankton-natural-samples-u-eq2lynz2qvx9/v1; https://www.fishersci.com/shop/products/nucleospin-rna-ii-740955-250/NC0707522; https://www.mn-net.com/lysis-buffer-ra1-740961,metag,50959007,paired,metag,metag,metag,metag,,,DNA Polymerase:taq Q5;NoPCRs:2;PCRvolume:30;Nocycles:10,basic Genoscope QC,Illumina NovaSeq 6000,17.9,,1754.2,METAGENOMIC,220712_JARVIS_HMNJKDSX3,DBB_AABSOSDA_1_HMNJKDSX3.UDI220,DDC_AAAAOSDA_1_HMNJKDSX3.UDI201,,EMOBON_NRMCB_Wa_210831_0.2um_1_metag,,Prod_ILL_BqADN_NEBUII_151_v4; Bq NEB Next Ultra II,EMOBON_NRMCB_Wa_28
EMOBON_NRMCB_Wa_210831_0.2um_2,DBB_AABT,EMOBON00066,https://www.protocols.io/view/cryogrinding-protocol-mecanic-lysis-of-planktonic-n92ldyq88l5b/v1; https://www.protocols.io/view/rna-dna-extraction-from-plankton-natural-samples-u-eq2lynz2qvx9/v1; https://www.fishersci.com/shop/products/nucleospin-rna-ii-740955-250/NC0707522; https://www.mn-net.com/lysis-buffer-ra1-740961,metag,67900169,paired,metag,metag,metag,metag,,,DNA Polymerase:taq Q5;NoPCRs:2;PCRvolume:30;Nocycles:10,basic Genoscope QC,Illumina NovaSeq 6000,10.75,,1053.5,METAGENOMIC,220712_JARVIS_HMNJKDSX3,DBB_AABTOSDA_1_HMNJKDSX3.UDI232,DDC_AAAAOSDA_1_HMNJKDSX3.UDI201,,EMOBON_NRMCB_Wa_210831_0.2um_2_metag,,Prod_ILL_BqADN_NEBUII_151_v4; Bq NEB Next Ultra II,EMOBON_NRMCB_Wa_29
EMOBON_NRMCB_Wa_210831_0.2um_blank,DBB_AABZ,EMOBON00067,https://www.protocols.io/view/cryogrinding-protocol-mecanic-lysis-of-planktonic-n92ldyq88l5b/v1; https://www.protocols.io/view/rna-dna-extraction-from-plankton-natural-samples-u-eq2lynz2qvx9/v1; https://www.fishersci.com/shop/products/nucleospin-rna-ii-740955-250/NC0707522; https://www.mn-net.com/lysis-buffer-ra1-740961,metag,47344899,paired,metag,metag,metag,metag,,,DNA Polymerase:taq Q5;NoPCRs:2;PCRvolume:30;Nocycles:14,basic Genoscope QC,Illumina NovaSeq 6000,0.215,,21.1,METAGENOMIC,220712_JARVIS_HMNJKDSX3,DBB_AABZOSDA_4_HMNJKDSX3.UDI215,DDC_AAAAOSDA_1_HMNJKDSX3.UDI201,,EMOBON_NRMCB_Wa_210831_0.2um_blank_metag,,Prod_ILL_BqADN_NEBUII_151_v4; Bq NEB Next Ultra II,EMOBON_NRMCB_Wa_32
EMOBON_NRMCB_Wa_210831_3um_1,DBB_AABM,EMOBON00062,https://www.protocols.io/view/cryogrinding-protocol-mecanic-lysis-of-planktonic-n92ldyq88l5b/v1; https://www.protocols.io/view/rna-dna-extraction-from-plankton-natural-samples-u-eq2lynz2qvx9/v1; https://www.fishersci.com/shop/products/nucleospin-rna-ii-740955-250/NC0707522; https://www.mn-net.com/lysis-buffer-ra1-740961,metag,94643683,paired,metag,metag,metag,metag,,,DNA Polymerase:taq Q5;NoPCRs:2;PCRvolume:30;Nocycles:10,basic Genoscope QC,Illumina NovaSeq 6000,12.7,,1244.6,METAGENOMIC,220622_JARVIS_HMGW5DSX3,DBB_AABMOSDA_4_HMGW5DSX3.UDI196,DDC_AAAAOSDA_4_HMGW5DSX3.UDI201,DDC_AAABOSDA_4_HMGW5DSX3.UDI213,EMOBON_NRMCB_Wa_210831_3um_1_metag,,Prod_ILL_BqADN_NEBUII_151_v4; Bq NEB Next Ultra II,EMOBON_NRMCB_Wa_23
EMOBON_NRMCB_Wa_210831_3um_2,DBB_AABN,EMOBON00063,https://www.protocols.io/view/cryogrinding-protocol-mecanic-lysis-of-planktonic-n92ldyq88l5b/v1; https://www.protocols.io/view/rna-dna-extraction-from-plankton-natural-samples-u-eq2lynz2qvx9/v1; https://www.fishersci.com/shop/products/nucleospin-rna-ii-740955-250/NC0707522; https://www.mn-net.com/lysis-buffer-ra1-740961,metag,93992399,paired,metag,metag,metag,metag,,,DNA Polymerase:taq Q5;NoPCRs:2;PCRvolume:30;Nocycles:10,basic Genoscope QC,Illumina NovaSeq 6000,19.7,,1930.6,METAGENOMIC,220622_JARVIS_HMGW5DSX3,DBB_AABNOSDA_4_HMGW5DSX3.UDI208,DDC_AAAAOSDA_4_HMGW5DSX3.UDI201,DDC_AAABOSDA_4_HMGW5DSX3.UDI213,EMOBON_NRMCB_Wa_210831_3um_2_metag,,Prod_ILL_BqADN_NEBUII_151_v4; Bq NEB Next Ultra II,EMOBON_NRMCB_Wa_24
EMOBON_NRMCB_Wa_210831_3um_blank,DBB_AABY,EMOBON00064,https://www.protocols.io/view/cryogrinding-protocol-mecanic-lysis-of-planktonic-n92ldyq88l5b/v1; https://www.protocols.io/view/rna-dna-extraction-from-plankton-natural-samples-u-eq2lynz2qvx9/v1; https://www.fishersci.com/shop/products/nucleospin-rna-ii-740955-250/NC0707522; https://www.mn-net.com/lysis-buffer-ra1-740961,metag,72214522,paired,metag,metag,metag,metag,,,DNA Polymerase:taq Q5;NoPCRs:2;PCRvolume:30;Nocycles:14,basic Genoscope QC,Illumina NovaSeq 6000,0.108,,10.6,METAGENOMIC,220622_JARVIS_HMGW5DSX3,DBB_AABYOSDA_4_HMGW5DSX3.UDI214,DDC_AAAAOSDA_4_HMGW5DSX3.UDI201,DDC_AAABOSDA_4_HMGW5DSX3.UDI213,EMOBON_NRMCB_Wa_210831_3um_blank_metag,,Prod_ILL_BqADN_NEBUII_151_v4; Bq NEB Next Ultra II,EMOBON_NRMCB_Wa_27
EMOBON_OSD74_Wa_210831_0.2um_1,DBB_AACQ,EMOBON00046,https://www.protocols.io/view/cryogrinding-protocol-mecanic-lysis-of-planktonic-n92ldyq88l5b/v1; https://www.protocols.io/view/rna-dna-extraction-from-plankton-natural-samples-u-eq2lynz2qvx9/v1; https://www.fishersci.com/shop/products/nucleospin-rna-ii-740955-250/NC0707522; https://www.mn-net.com/lysis-buffer-ra1-740961,metag,57640525,paired,metag,metag,metag,metag,,,DNA Polymerase:taq Q5;NoPCRs:2;PCRvolume:30;Nocycles:10,basic Genoscope QC,Illumina NovaSeq 6000,68,,6664,METAGENOMIC,220712_JARVIS_HMNJKDSX3,DBB_AACQOSDA_1_HMNJKDSX3.UDI270,DDC_AAAAOSDA_1_HMNJKDSX3.UDI201,,EMOBON_OSD74_Wa_210831_0.2um_1_metag,,Prod_ILL_BqADN_NEBUII_151_v4; Bq NEB Next Ultra II,EMOBON_OSD74_Wa_2
EMOBON_OSD74_Wa_210831_0.2um_2,DBB_AACR,EMOBON00047,https://www.protocols.io/view/cryogrinding-protocol-mecanic-lysis-of-planktonic-n92ldyq88l5b/v1; https://www.protocols.io/view/rna-dna-extraction-from-plankton-natural-samples-u-eq2lynz2qvx9/v1; https://www.fishersci.com/shop/products/nucleospin-rna-ii-740955-250/NC0707522; https://www.mn-net.com/lysis-buffer-ra1-740961,metag,52133600,paired,metag,metag,metag,metag,,,DNA Polymerase:taq Q5;NoPCRs:2;PCRvolume:30;Nocycles:10,basic Genoscope QC,Illumina NovaSeq 6000,50.9,,4Â 988,20,METAGENOMIC,220712_JARVIS_HMNJKDSX3,DBB_AACROSDA_1_HMNJKDSX3.UDI282,DDC_AAAAOSDA_1_HMNJKDSX3.UDI201,EMOBON_OSD74_Wa_210831_0.2um_2_metag,,Prod_ILL_BqADN_NEBUII_151_v4; Bq NEB Next Ultra II,EMOBON_OSD74_Wa_4
EMOBON_OSD74_Wa_210831_3um_1,DBB_AACP,EMOBON00045,https://www.protocols.io/view/cryogrinding-protocol-mecanic-lysis-of-planktonic-n92ldyq88l5b/v1; https://www.protocols.io/view/rna-dna-extraction-from-plankton-natural-samples-u-eq2lynz2qvx9/v1; https://www.fishersci.com/shop/products/nucleospin-rna-ii-740955-250/NC0707522; https://www.mn-net.com/lysis-buffer-ra1-740961,metag,86482865,paired,metag,metag,metag,metag,,,DNA Polymerase:taq Q5;NoPCRs:2;PCRvolume:30;Nocycles:10,basic Genoscope QC,Illumina NovaSeq 6000,6.69,,655.6,METAGENOMIC,220622_JARVIS_HMGW5DSX3,DBB_AACPOSDA_4_HMGW5DSX3.UDI258,DDC_AAAAOSDA_4_HMGW5DSX3.UDI201,DDC_AAABOSDA_4_HMGW5DSX3.UDI213,EMOBON_OSD74_Wa_210831_3um_1_metag,,Prod_ILL_BqADN_NEBUII_151_v4; Bq NEB Next Ultra II,EMOBON_OSD74_Wa_1
EMOBON_PiEGetxo_Wa_210824_0.2um_1,DBB_AACJ,EMOBON00037,https://www.protocols.io/view/cryogrinding-protocol-mecanic-lysis-of-planktonic-n92ldyq88l5b/v1; https://www.protocols.io/view/rna-dna-extraction-from-plankton-natural-samples-u-eq2lynz2qvx9/v1; https://www.fishersci.com/shop/products/nucleospin-rna-ii-740955-250/NC0707522; https://www.mn-net.com/lysis-buffer-ra1-740961,metag,52669421,paired,metag,metag,metag,metag,,,DNA Polymerase:taq Q5;NoPCRs:2;PCRvolume:30;Nocycles:10,basic Genoscope QC,Illumina NovaSeq 6000,44.7,,4380.6,METAGENOMIC,220712_JARVIS_HMNJKDSX3,DBB_AACJOSDA_1_HMNJKDSX3.UDI281,DDC_AAAAOSDA_1_HMNJKDSX3.UDI201,,EMOBON_PiEGetxo_Wa_210824_0.2um_1_metag,,Prod_ILL_BqADN_NEBUII_151_v4; Bq NEB Next Ultra II,EMOBON_PiEGetxo_Wa_3
EMOBON_PiEGetxo_Wa_210824_0.2um_2,DBB_AACK,EMOBON00038,https://www.protocols.io/view/cryogrinding-protocol-mecanic-lysis-of-planktonic-n92ldyq88l5b/v1; https://www.protocols.io/view/rna-dna-extraction-from-plankton-natural-samples-u-eq2lynz2qvx9/v1; https://www.fishersci.com/shop/products/nucleospin-rna-ii-740955-250/NC0707522; https://www.mn-net.com/lysis-buffer-ra1-740961,metag,56109594,paired,metag,metag,metag,metag,,,DNA Polymerase:taq Q5;NoPCRs:2;PCRvolume:30;Nocycles:10,basic Genoscope QC,Illumina NovaSeq 6000,41,,4018,METAGENOMIC,220712_JARVIS_HMNJKDSX3,DBB_AACKOSDA_1_HMNJKDSX3.UDI198,DDC_AAAAOSDA_1_HMNJKDSX3.UDI201,,EMOBON_PiEGetxo_Wa_210824_0.2um_2_metag,,Prod_ILL_BqADN_NEBUII_151_v4; Bq NEB Next Ultra II,EMOBON_PiEGetxo_Wa_4
EMOBON_PiEGetxo_Wa_210824_0.2um_blank,DBB_AAAH,EMOBON00040,https://www.protocols.io/view/cryogrinding-protocol-mecanic-lysis-of-planktonic-n92ldyq88l5b/v1; https://www.protocols.io/view/rna-dna-extraction-from-plankton-natural-samples-u-eq2lynz2qvx9/v1; https://www.fishersci.com/shop/products/nucleospin-rna-ii-740955-250/NC0707522; https://www.mn-net.com/lysis-buffer-ra1-740961,metag,56472621,paired,metag,metag,metag,metag,,,DNA Polymerase:taq Q5;NoPCRs:2;PCRvolume:2;Nocycles:18,basic Genoscope QC,Illumina NovaSeq 6000,,,,METAGENOMIC,220712_JARVIS_HMNJKDSX3,DBB_AAAHOSDA_4_HMNJKDSX3.UDI203,DDC_AAAAOSDA_1_HMNJKDSX3.UDI201,,EMOBON_PiEGetxo_Wa_210824_0.2um_blank_metag,,Prod_ILL_BqADN_NEBUII_151_v4; Bq NEB Next Ultra II,EMOBON_PiEGetxo_Wa_6
EMOBON_PiEGetxo_Wa_210824_3um_1,DBB_AABW,EMOBON00035,https://www.protocols.io/view/cryogrinding-protocol-mecanic-lysis-of-planktonic-n92ldyq88l5b/v1; https://www.protocols.io/view/rna-dna-extraction-from-plankton-natural-samples-u-eq2lynz2qvx9/v1; https://www.fishersci.com/shop/products/nucleospin-rna-ii-740955-250/NC0707522; https://www.mn-net.com/lysis-buffer-ra1-740961,metag,85164599,paired,metag,metag,metag,metag,,,DNA Polymerase:taq Q5;NoPCRs:2;PCRvolume:30;Nocycles:10,basic Genoscope QC,Illumina NovaSeq 6000,26.4,,2587.2,METAGENOMIC,220622_JARVIS_HMGW5DSX3,DBB_AABWOSDA_4_HMGW5DSX3.UDI268,DDC_AAAAOSDA_4_HMGW5DSX3.UDI201,DDC_AAABOSDA_4_HMGW5DSX3.UDI213,EMOBON_PiEGetxo_Wa_210824_3um_1_metag,,Prod_ILL_BqADN_NEBUII_151_v4; Bq NEB Next Ultra II,EMOBON_PiEGetxo_Wa_1
EMOBON_PiEGetxo_Wa_210824_3um_2,DBB_AABX,EMOBON00036,https://www.protocols.io/view/cryogrinding-protocol-mecanic-lysis-of-planktonic-n92ldyq88l5b/v1; https://www.protocols.io/view/rna-dna-extraction-from-plankton-natural-samples-u-eq2lynz2qvx9/v1; https://www.fishersci.com/shop/products/nucleospin-rna-ii-740955-250/NC0707522; https://www.mn-net.com/lysis-buffer-ra1-740961,metag,86491718,paired,metag,metag,metag,metag,,,DNA Polymerase:taq Q5;NoPCRs:2;PCRvolume:30;Nocycles:10,basic Genoscope QC,Illumina NovaSeq 6000,36.2,,3547.6,METAGENOMIC,220622_JARVIS_HMGW5DSX3,DBB_AABXOSDA_4_HMGW5DSX3.UDI280,DDC_AAAAOSDA_4_HMGW5DSX3.UDI201,DDC_AAABOSDA_4_HMGW5DSX3.UDI213,EMOBON_PiEGetxo_Wa_210824_3um_2_metag,,Prod_ILL_BqADN_NEBUII_151_v4; Bq NEB Next Ultra II,EMOBON_PiEGetxo_Wa_2
EMOBON_PiEGetxo_Wa_210824_3um_blank,DBB_AAAG,EMOBON00039,https://www.protocols.io/view/cryogrinding-protocol-mecanic-lysis-of-planktonic-n92ldyq88l5b/v1; https://www.protocols.io/view/rna-dna-extraction-from-plankton-natural-samples-u-eq2lynz2qvx9/v1; https://www.fishersci.com/shop/products/nucleospin-rna-ii-740955-250/NC0707522; https://www.mn-net.com/lysis-buffer-ra1-740961,metag,78378535,paired,metag,metag,metag,metag,,,DNA Polymerase:taq Q5;NoPCRs:2;PCRvolume:2;Nocycles:18,basic Genoscope QC,Illumina NovaSeq 6000,,,,METAGENOMIC,220622_JARVIS_HMGW5DSX3,DBB_AAAGOSDA_4_HMGW5DSX3.UDI202,DDC_AAAAOSDA_4_HMGW5DSX3.UDI201,DDC_AAABOSDA_4_HMGW5DSX3.UDI213,EMOBON_PiEGetxo_Wa_210824_3um_blank_metag,,Prod_ILL_BqADN_NEBUII_151_v4; Bq NEB Next Ultra II,EMOBON_PiEGetxo_Wa_5
EMOBON_RFormosa_Wa_210805_0.2um_1,DBB_AACN,EMOBON00043,https://www.protocols.io/view/cryogrinding-protocol-mecanic-lysis-of-planktonic-n92ldyq88l5b/v1; https://www.protocols.io/view/rna-dna-extraction-from-plankton-natural-samples-u-eq2lynz2qvx9/v1; https://www.fishersci.com/shop/products/nucleospin-rna-ii-740955-250/NC0707522; https://www.mn-net.com/lysis-buffer-ra1-740961,metag,63162629,paired,metag,metag,metag,metag,,,DNA Polymerase:taq Q5;NoPCRs:2;PCRvolume:30;Nocycles:10,basic Genoscope QC,Illumina NovaSeq 6000,55.4,,5429.2,METAGENOMIC,220712_JARVIS_HMNJKDSX3,DBB_AACNOSDA_1_HMNJKDSX3.UDI234,DDC_AAAAOSDA_1_HMNJKDSX3.UDI201,,EMOBON_RFormosa_Wa_210805_0.2um_1_metag,,Prod_ILL_BqADN_NEBUII_151_v4; Bq NEB Next Ultra II,EMOBON_RFormosa_Wa_5
EMOBON_RFormosa_Wa_210805_0.2um_2,DBB_AACO,EMOBON00044,https://www.protocols.io/view/cryogrinding-protocol-mecanic-lysis-of-planktonic-n92ldyq88l5b/v1; https://www.protocols.io/view/rna-dna-extraction-from-plankton-natural-samples-u-eq2lynz2qvx9/v1; https://www.fishersci.com/shop/products/nucleospin-rna-ii-740955-250/NC0707522; https://www.mn-net.com/lysis-buffer-ra1-740961,metag,42523772,paired,metag,metag,metag,metag,,,DNA Polymerase:taq Q5;NoPCRs:2;PCRvolume:30;Nocycles:10,basic Genoscope QC,Illumina NovaSeq 6000,49.3,,4831.4,METAGENOMIC,220712_JARVIS_HMNJKDSX3,DBB_AACOOSDA_1_HMNJKDSX3.UDI246,DDC_AAAAOSDA_1_HMNJKDSX3.UDI201,,EMOBON_RFormosa_Wa_210805_0.2um_2_metag,,Prod_ILL_BqADN_NEBUII_151_v4; Bq NEB Next Ultra II,EMOBON_RFormosa_Wa_6
EMOBON_RFormosa_Wa_210805_3um_1,DBB_AACL,EMOBON00041,https://www.protocols.io/view/cryogrinding-protocol-mecanic-lysis-of-planktonic-n92ldyq88l5b/v1; https://www.protocols.io/view/rna-dna-extraction-from-plankton-natural-samples-u-eq2lynz2qvx9/v1; https://www.fishersci.com/shop/products/nucleospin-rna-ii-740955-250/NC0707522; https://www.mn-net.com/lysis-buffer-ra1-740961,metag,89249928,paired,metag,metag,metag,metag,,,DNA Polymerase:taq Q5;NoPCRs:2;PCRvolume:30;Nocycles:10,basic Genoscope QC,Illumina NovaSeq 6000,22.2,,2175.6,METAGENOMIC,220622_JARVIS_HMGW5DSX3,DBB_AACLOSDA_4_HMGW5DSX3.UDI210,DDC_AAAAOSDA_4_HMGW5DSX3.UDI201,DDC_AAABOSDA_4_HMGW5DSX3.UDI213,EMOBON_RFormosa_Wa_210805_3um_1_metag,,Prod_ILL_BqADN_NEBUII_151_v4; Bq NEB Next Ultra II,EMOBON_RFormosa_Wa_1
EMOBON_RFormosa_Wa_210805_3um_2,DBB_AACM,EMOBON00042,https://www.protocols.io/view/cryogrinding-protocol-mecanic-lysis-of-planktonic-n92ldyq88l5b/v1; https://www.protocols.io/view/rna-dna-extraction-from-plankton-natural-samples-u-eq2lynz2qvx9/v1; https://www.fishersci.com/shop/products/nucleospin-rna-ii-740955-250/NC0707522; https://www.mn-net.com/lysis-buffer-ra1-740961,metag,86019436,paired,metag,metag,metag,metag,,,DNA Polymerase:taq Q5;NoPCRs:2;PCRvolume:30;Nocycles:10,basic Genoscope QC,Illumina NovaSeq 6000,19.95,,1955.1,METAGENOMIC,220622_JARVIS_HMGW5DSX3,DBB_AACMOSDA_4_HMGW5DSX3.UDI222,DDC_AAAAOSDA_4_HMGW5DSX3.UDI201,DDC_AAABOSDA_4_HMGW5DSX3.UDI213,EMOBON_RFormosa_Wa_210805_3um_2_metag,,Prod_ILL_BqADN_NEBUII_151_v4; Bq NEB Next Ultra II,EMOBON_RFormosa_Wa_2
EMOBON_ROSKOGO_Wa_210618_3um_1,DBB_AAAI,EMOBON00015,https://www.protocols.io/view/cryogrinding-protocol-mecanic-lysis-of-planktonic-n92ldyq88l5b/v1; https://www.protocols.io/view/rna-dna-extraction-from-plankton-natural-samples-u-eq2lynz2qvx9/v1; https://www.fishersci.com/shop/products/nucleospin-rna-ii-740955-250/NC0707522; https://www.mn-net.com/lysis-buffer-ra1-740961,metag,112390770,paired,metag,metag,metag,metag,,,DNA Polymerase:taq Q5;NoPCRs:2;PCRvolume:30;Nocycles:10,basic Genoscope QC,Illumina NovaSeq 6000,6.13,,539.4,METAGENOMIC,220622_JARVIS_HMGW5DSX3,DBB_AAAIOSDA_4_HMGW5DSX3.UDI205,DDC_AAAAOSDA_4_HMGW5DSX3.UDI201,DDC_AAABOSDA_4_HMGW5DSX3.UDI213,EMOBON_ROSKOGO_Wa_210618_3um_1_metag,,Prod_ILL_BqADN_NEBUII_151_v4; Bq NEB Next Ultra II,EMOBON_ROSKOGO_Wa_1
EMOBON_ROSKOGO_Wa_210618_3um_2,DBB_AAAJ,EMOBON00016,https://www.protocols.io/view/cryogrinding-protocol-mecanic-lysis-of-planktonic-n92ldyq88l5b/v1; https://www.protocols.io/view/rna-dna-extraction-from-plankton-natural-samples-u-eq2lynz2qvx9/v1; https://www.fishersci.com/shop/products/nucleospin-rna-ii-740955-250/NC0707522; https://www.mn-net.com/lysis-buffer-ra1-740961,metag,77129345,paired,metag,metag,metag,metag,,,DNA Polymerase:taq Q5;NoPCRs:2;PCRvolume:30;Nocycles:10,basic Genoscope QC,Illumina NovaSeq 6000,7.36,,647.7,METAGENOMIC,220622_JARVIS_HMGW5DSX3,DBB_AAAJOSDA_4_HMGW5DSX3.UDI217,DDC_AAAAOSDA_4_HMGW5DSX3.UDI201,DDC_AAABOSDA_4_HMGW5DSX3.UDI213,EMOBON_ROSKOGO_Wa_210618_3um_2_metag,,Prod_ILL_BqADN_NEBUII_151_v4; Bq NEB Next Ultra II,EMOBON_ROSKOGO_Wa_2
EMOBON_ROSKOGO_Wa_210802_0.2um_1,DBB_AAAQ,EMOBON00021,https://www.protocols.io/view/cryogrinding-protocol-mecanic-lysis-of-planktonic-n92ldyq88l5b/v1; https://www.protocols.io/view/rna-dna-extraction-from-plankton-natural-samples-u-eq2lynz2qvx9/v1; https://www.fishersci.com/shop/products/nucleospin-rna-ii-740955-250/NC0707522; https://www.mn-net.com/lysis-buffer-ra1-740961,metag,69037615,paired,metag,metag,metag,metag,,,DNA Polymerase:taq Q5;NoPCRs:2;PCRvolume:30;Nocycles:10,basic Genoscope QC,Illumina NovaSeq 6000,17,,1666,METAGENOMIC,220622_JARVIS_HMGW5DSX3,DBB_AAAQOSDA_4_HMGW5DSX3.UDI277,DDC_AAAAOSDA_4_HMGW5DSX3.UDI201,DDC_AAABOSDA_4_HMGW5DSX3.UDI213,EMOBON_ROSKOGO_Wa_210802_0.2um_1_metag,,Prod_ILL_BqADN_NEBUII_151_v4; Bq NEB Next Ultra II,EMOBON_ROSKOGO_Wa_17
EMOBON_ROSKOGO_Wa_210802_0.2um_2,DBB_AAAR,EMOBON00022,https://www.protocols.io/view/cryogrinding-protocol-mecanic-lysis-of-planktonic-n92ldyq88l5b/v1; https://www.protocols.io/view/rna-dna-extraction-from-plankton-natural-samples-u-eq2lynz2qvx9/v1; https://www.fishersci.com/shop/products/nucleospin-rna-ii-740955-250/NC0707522; https://www.mn-net.com/lysis-buffer-ra1-740961,metag,52880056,paired,metag,metag,metag,metag,,,DNA Polymerase:taq Q5;NoPCRs:2;PCRvolume:30;Nocycles:10,basic Genoscope QC,Illumina NovaSeq 6000,32.5,,3185,METAGENOMIC,220712_JARVIS_HMNJKDSX3,DBB_AAAROSDA_1_HMNJKDSX3.UDI194,DDC_AAAAOSDA_1_HMNJKDSX3.UDI201,,EMOBON_ROSKOGO_Wa_210802_0.2um_2_metag,,Prod_ILL_BqADN_NEBUII_151_v4; Bq NEB Next Ultra II,EMOBON_ROSKOGO_Wa_18
EMOBON_ROSKOGO_Wa_210802_3um_1,DBB_AAAL,EMOBON00019,https://www.protocols.io/view/cryogrinding-protocol-mecanic-lysis-of-planktonic-n92ldyq88l5b/v1; https://www.protocols.io/view/rna-dna-extraction-from-plankton-natural-samples-u-eq2lynz2qvx9/v1; https://www.fishersci.com/shop/products/nucleospin-rna-ii-740955-250/NC0707522; https://www.mn-net.com/lysis-buffer-ra1-740961,metag,92031641,paired,metag,metag,metag,metag,,,DNA Polymerase:taq Q5;NoPCRs:2;PCRvolume:30;Nocycles:10,basic Genoscope QC,Illumina NovaSeq 6000,7.49,,734,METAGENOMIC,220622_JARVIS_HMGW5DSX3,DBB_AAALOSDA_4_HMGW5DSX3.UDI229,DDC_AAAAOSDA_4_HMGW5DSX3.UDI201,DDC_AAABOSDA_4_HMGW5DSX3.UDI213,EMOBON_ROSKOGO_Wa_210802_3um_1_metag,,Prod_ILL_BqADN_NEBUII_151_v4; Bq NEB Next Ultra II,EMOBON_ROSKOGO_Wa_13
EMOBON_ROSKOGO_Wa_210802_3um_2,DBB_AAAB,EMOBON00020,https://www.protocols.io/view/cryogrinding-protocol-mecanic-lysis-of-planktonic-n92ldyq88l5b/v1; https://www.protocols.io/view/rna-dna-extraction-from-plankton-natural-samples-u-eq2lynz2qvx9/v1; https://www.fishersci.com/shop/products/nucleospin-rna-ii-740955-250/NC0707522; https://www.mn-net.com/lysis-buffer-ra1-740961,metag,81558404,paired,metag,metag,metag,metag,,,DNA Polymerase:taq Q5;NoPCRs:2;PCRvolume:30;Nocycles:11,basic Genoscope QC,Illumina NovaSeq 6000,11.05,,1082.9,METAGENOMIC,220223_JARVIS_HWLTKDRXY,DBB_AAABOSDA_1_HWLTKDRXY.UDI208,DDC_AAAAOSDA_1_HWLTKDRXY.UDI212,DDC_AAABOSDA_1_HWLTKDRXY.UDI213,EMOBON_ROSKOGO_Wa_210802_3um_2_metag,,Prod_ILL_BqADN_NEBUII_151_v4; Bq NEB Next Ultra II,EMOBON_ROSKOGO_Wa_14
EMOBON_VB_Wa_210621_0.2um_1,DBB_AACC,EMOBON00025,https://www.protocols.io/view/cryogrinding-protocol-mecanic-lysis-of-planktonic-n92ldyq88l5b/v1; https://www.protocols.io/view/rna-dna-extraction-from-plankton-natural-samples-u-eq2lynz2qvx9/v1; https://www.fishersci.com/shop/products/nucleospin-rna-ii-740955-250/NC0707522; https://www.mn-net.com/lysis-buffer-ra1-740961,metag,52261580,paired,metag,metag,metag,metag,,,DNA Polymerase:taq Q5;NoPCRs:2;PCRvolume:30;Nocycles:10,basic Genoscope QC,Illumina NovaSeq 6000,2.87,,281.3,METAGENOMIC,220712_JARVIS_HMNJKDSX3,DBB_AACCOSDA_1_HMNJKDSX3.UDI209,DDC_AAAAOSDA_1_HMNJKDSX3.UDI201,,EMOBON_VB_Wa_210621_0.2um_1_metag,,Prod_ILL_BqADN_NEBUII_151_v4; Bq NEB Next Ultra II,EMOBON_VB_Wa_4
EMOBON_VB_Wa_210621_0.2um_2,DBB_AAAC,EMOBON00026,https://www.protocols.io/view/cryogrinding-protocol-mecanic-lysis-of-planktonic-n92ldyq88l5b/v1; https://www.protocols.io/view/rna-dna-extraction-from-plankton-natural-samples-u-eq2lynz2qvx9/v1; https://www.fishersci.com/shop/products/nucleospin-rna-ii-740955-250/NC0707522; https://www.mn-net.com/lysis-buffer-ra1-740961,metag,64330155,paired,metag,metag,metag,metag,,,DNA Polymerase:taq Q5;NoPCRs:2;PCRvolume:30;Nocycles:11,basic Genoscope QC,Illumina NovaSeq 6000,6.35,,622.3,METAGENOMIC,220223_JARVIS_HWLTKDRXY,DBB_AAACOSDA_1_HWLTKDRXY.UDI209,DDC_AAAAOSDA_1_HWLTKDRXY.UDI212,DDC_AAABOSDA_1_HWLTKDRXY.UDI213,EMOBON_VB_Wa_210621_0.2um_2_metag,,Prod_ILL_BqADN_NEBUII_151_v4; Bq NEB Next Ultra II,EMOBON_VB_Wa_5
EMOBON_VB_Wa_210621_3um_1,DBB_AACA,EMOBON00023,https://www.protocols.io/view/cryogrinding-protocol-mecanic-lysis-of-planktonic-n92ldyq88l5b/v1; https://www.protocols.io/view/rna-dna-extraction-from-plankton-natural-samples-u-eq2lynz2qvx9/v1; https://www.fishersci.com/shop/products/nucleospin-rna-ii-740955-250/NC0707522; https://www.mn-net.com/lysis-buffer-ra1-740961,metag,77205469,paired,metag,metag,metag,metag,,,DNA Polymerase:taq Q5;NoPCRs:2;PCRvolume:30;Nocycles:10,basic Genoscope QC,Illumina NovaSeq 6000,1.79,,175.4,METAGENOMIC,220622_JARVIS_HMGW5DSX3,DBB_AACAOSDA_4_HMGW5DSX3.UDI197,DDC_AAAAOSDA_4_HMGW5DSX3.UDI201,DDC_AAABOSDA_4_HMGW5DSX3.UDI213,EMOBON_VB_Wa_210621_3um_1_metag,,Prod_ILL_BqADN_NEBUII_151_v4; Bq NEB Next Ultra II,EMOBON_VB_Wa_1
EMOBON_VB_Wa_210621_3um_2,DBB_AACB,EMOBON00024,https://www.protocols.io/view/cryogrinding-protocol-mecanic-lysis-of-planktonic-n92ldyq88l5b/v1; https://www.protocols.io/view/rna-dna-extraction-from-plankton-natural-samples-u-eq2lynz2qvx9/v1; https://www.fishersci.com/shop/products/nucleospin-rna-ii-740955-250/NC0707522; https://www.mn-net.com/lysis-buffer-ra1-740961,metag,50283946,paired,metag,metag,metag,metag,,,DNA Polymerase:taq Q5;NoPCRs:2;PCRvolume:30;Nocycles:10,basic Genoscope QC,Illumina NovaSeq 6000,1.135,,111.2,METAGENOMIC,220622_JARVIS_HMGW5DSX3,DBB_AACBOSDA_4_HMGW5DSX3.UDI239,DDC_AAAAOSDA_4_HMGW5DSX3.UDI201,DDC_AAABOSDA_4_HMGW5DSX3.UDI213,EMOBON_VB_Wa_210621_3um_2_metag,,Prod_ILL_BqADN_NEBUII_151_v4; Bq NEB Next Ultra II,EMOBON_VB_Wa_2
EMOBON_VB_Wa_210823_0.2um_1,DBB_AABU,EMOBON00029,https://www.protocols.io/view/cryogrinding-protocol-mecanic-lysis-of-planktonic-n92ldyq88l5b/v1; https://www.protocols.io/view/rna-dna-extraction-from-plankton-natural-samples-u-eq2lynz2qvx9/v1; https://www.fishersci.com/shop/products/nucleospin-rna-ii-740955-250/NC0707522; https://www.mn-net.com/lysis-buffer-ra1-740961,metag,47128791,paired,metag,metag,metag,metag,,,DNA Polymerase:taq Q5;NoPCRs:2;PCRvolume:30;Nocycles:10,basic Genoscope QC,Illumina NovaSeq 6000,6.64,,650.7,METAGENOMIC,220712_JARVIS_HMNJKDSX3,DBB_AABUOSDA_1_HMNJKDSX3.UDI244,DDC_AAAAOSDA_1_HMNJKDSX3.UDI201,,EMOBON_VB_Wa_210823_0.2um_1_metag,,Prod_ILL_BqADN_NEBUII_151_v4; Bq NEB Next Ultra II,EMOBON_VB_Wa_43
EMOBON_VB_Wa_210823_0.2um_2,DBB_AABV,EMOBON00030,https://www.protocols.io/view/cryogrinding-protocol-mecanic-lysis-of-planktonic-n92ldyq88l5b/v1; https://www.protocols.io/view/rna-dna-extraction-from-plankton-natural-samples-u-eq2lynz2qvx9/v1; https://www.fishersci.com/shop/products/nucleospin-rna-ii-740955-250/NC0707522; https://www.mn-net.com/lysis-buffer-ra1-740961,metag,44425002,paired,metag,metag,metag,metag,,,DNA Polymerase:taq Q5;NoPCRs:2;PCRvolume:30;Nocycles:10,basic Genoscope QC,Illumina NovaSeq 6000,11.7,,1146.6,METAGENOMIC,220712_JARVIS_HMNJKDSX3,DBB_AABVOSDA_1_HMNJKDSX3.UDI256,DDC_AAAAOSDA_1_HMNJKDSX3.UDI201,,EMOBON_VB_Wa_210823_0.2um_2_metag,,Prod_ILL_BqADN_NEBUII_151_v4; Bq NEB Next Ultra II,EMOBON_VB_Wa_44
EMOBON_VB_Wa_210823_3um_1,DBB_AACD,EMOBON00027,https://www.protocols.io/view/cryogrinding-protocol-mecanic-lysis-of-planktonic-n92ldyq88l5b/v1; https://www.protocols.io/view/rna-dna-extraction-from-plankton-natural-samples-u-eq2lynz2qvx9/v1; https://www.fishersci.com/shop/products/nucleospin-rna-ii-740955-250/NC0707522; https://www.mn-net.com/lysis-buffer-ra1-740961,metag,48970827,paired,metag,metag,metag,metag,,,DNA Polymerase:taq Q5;NoPCRs:2;PCRvolume:30;Nocycles:10,basic Genoscope QC,Illumina NovaSeq 6000,1.535,,150.4,METAGENOMIC,220622_JARVIS_HMGW5DSX3,DBB_AACDOSDA_4_HMGW5DSX3.UDI240,DDC_AAAAOSDA_4_HMGW5DSX3.UDI201,DDC_AAABOSDA_4_HMGW5DSX3.UDI213,EMOBON_VB_Wa_210823_3um_1_metag,,Prod_ILL_BqADN_NEBUII_151_v4; Bq NEB Next Ultra II,EMOBON_VB_Wa_41
EMOBON_VB_Wa_210823_3um_2,DBB_AAAD,EMOBON00028,https://www.protocols.io/view/cryogrinding-protocol-mecanic-lysis-of-planktonic-n92ldyq88l5b/v1; https://www.protocols.io/view/rna-dna-extraction-from-plankton-natural-samples-u-eq2lynz2qvx9/v1; https://www.fishersci.com/shop/products/nucleospin-rna-ii-740955-250/NC0707522; https://www.mn-net.com/lysis-buffer-ra1-740961,metag,68846432,paired,metag,metag,metag,metag,,,DNA Polymerase:taq Q5;NoPCRs:2;PCRvolume:30;Nocycles:11,basic Genoscope QC,Illumina NovaSeq 6000,1.075,,107.5,METAGENOMIC,220223_JARVIS_HWLTKDRXY,DBB_AAADOSDA_1_HWLTKDRXY.UDI210,DDC_AAAAOSDA_1_HWLTKDRXY.UDI212,DDC_AAABOSDA_1_HWLTKDRXY.UDI213,EMOBON_VB_Wa_210823_3um_2_metag,,Prod_ILL_BqADN_NEBUII_151_v4; Bq NEB Next Ultra II,EMOBON_VB_Wa_42
EMOBON_ROSKOGO_Wa_210618_0.2um_1,DBB_AAAK,EMOBON00017,https://www.protocols.io/view/cryogrinding-protocol-mecanic-lysis-of-planktonic-n92ldyq88l5b/v1; https://www.protocols.io/view/rna-dna-extraction-from-plankton-natural-samples-u-eq2lynz2qvx9/v1; https://www.fishersci.com/shop/products/nucleospin-rna-ii-740955-250/NC0707522; https://www.mn-net.com/lysis-buffer-ra1-740961,metag,,,,,,,,,,,,,,,METAGENOMIC,,,,,,,,EMOBON_ROSKOGO_Wa_5
EMOBON_ROSKOGO_Wa_210618_0.2um_2,DBB_AAAA,EMOBON00018,https://www.protocols.io/view/cryogrinding-protocol-mecanic-lysis-of-planktonic-n92ldyq88l5b/v1; https://www.protocols.io/view/rna-dna-extraction-from-plankton-natural-samples-u-eq2lynz2qvx9/v1; https://www.fishersci.com/shop/products/nucleospin-rna-ii-740955-250/NC0707522; https://www.mn-net.com/lysis-buffer-ra1-740961,metag,,,,,,,,,DNA Polymerase:taq Q5;NoPCRs:2;PCRvolume:30;Nocycles:11,,,1.535,,152,METAGENOMIC,,,,,,,Prod_ILL_BqADN_NEBUII_151_v4; Bq NEB Next Ultra II,EMOBON_ROSKOGO_Wa_6
EMOBON_AAOT_Wa_210809_3um_1,DBB_AAAW,EMOBON00052,https://www.protocols.io/view/cryogrinding-protocol-mecanic-lysis-of-planktonic-n92ldyq88l5b/v1; https://www.protocols.io/view/rna-dna-extraction-from-plankton-natural-samples-u-eq2lynz2qvx9/v1; https://www.fishersci.com/shop/products/nucleospin-rna-ii-740955-250/NC0707522; https://www.mn-net.com/lysis-buffer-ra1-740961,metag,,,,,,,,,DNA Polymerase:taq Q5;NoPCRs:2;PCRvolume:30;Nocycles:10,basic Genoscope QC,,0.839,,82.2,METAGENOMIC,,,,,,,,EMOBON_AAOT_Wa_21
EMOBON_NRMCB_Wa_210621_0.2um_1,DBB_AABG,EMOBON00059,https://www.protocols.io/view/cryogrinding-protocol-mecanic-lysis-of-planktonic-n92ldyq88l5b/v1; https://www.protocols.io/view/rna-dna-extraction-from-plankton-natural-samples-u-eq2lynz2qvx9/v1; https://www.fishersci.com/shop/products/nucleospin-rna-ii-740955-250/NC0707522; https://www.mn-net.com/lysis-buffer-ra1-740961,metag,,,,,,,,,DNA Polymerase:taq Q5;NoPCRs:2;PCRvolume:30;Nocycles:10,basic Genoscope QC,,2.55,,249.9,METAGENOMIC,,,,,,,Prod_ILL_BqADN_NEBUII_151_v4; Bq NEB Next Ultra II,EMOBON_NRMCB_Wa_7
EMOBON_NRMCB_Wa_210621_0.2um_2,DBB_AABH,EMOBON00060,https://www.protocols.io/view/cryogrinding-protocol-mecanic-lysis-of-planktonic-n92ldyq88l5b/v1; https://www.protocols.io/view/rna-dna-extraction-from-plankton-natural-samples-u-eq2lynz2qvx9/v1; https://www.fishersci.com/shop/products/nucleospin-rna-ii-740955-250/NC0707522; https://www.mn-net.com/lysis-buffer-ra1-740961,metag,,,,,,,,,DNA Polymerase:taq Q5;NoPCRs:2;PCRvolume:30;Nocycles:10,basic Genoscope QC,,4.06,,397.9,METAGENOMIC,,,,,,,Prod_ILL_BqADN_NEBUII_151_v4; Bq NEB Next Ultra II,EMOBON_NRMCB_Wa_8
EMOBON_HCMR-1_Wa_210628_3um_2,DBB_AABJ,EMOBON00069,https://www.protocols.io/view/cryogrinding-protocol-mecanic-lysis-of-planktonic-n92ldyq88l5b/v1; https://www.protocols.io/view/rna-dna-extraction-from-plankton-natural-samples-u-eq2lynz2qvx9/v1; https://www.fishersci.com/shop/products/nucleospin-rna-ii-740955-250/NC0707522; https://www.mn-net.com/lysis-buffer-ra1-740961,metag,,,,,,,,,DNA Polymerase:taq Q5;NoPCRs:2;PCRvolume:30;Nocycles:10,basic Genoscope QC,,0.302,,29.6,METAGENOMIC,,,,,,,,EMOBON_HCMR-1_Wa_2
EMOBON_HCMR-1_Wa_210917_3um_1,DBB_AABO,EMOBON00074,https://www.protocols.io/view/cryogrinding-protocol-mecanic-lysis-of-planktonic-n92ldyq88l5b/v1; https://www.protocols.io/view/rna-dna-extraction-from-plankton-natural-samples-u-eq2lynz2qvx9/v1; https://www.fishersci.com/shop/products/nucleospin-rna-ii-740955-250/NC0707522; https://www.mn-net.com/lysis-buffer-ra1-740961,metag,,,,,,,,,DNA Polymerase:taq Q5;NoPCRs:2;PCRvolume:30;Nocycles:10,basic Genoscope QC,,0.471,,36.7,METAGENOMIC,,,,,,,,EMOBON_HCMR-1_Wa_13
EMOBON_HCMR-1_Wa_210917_3um_2,DBB_AABP,EMOBON00075,https://www.protocols.io/view/cryogrinding-protocol-mecanic-lysis-of-planktonic-n92ldyq88l5b/v1; https://www.protocols.io/view/rna-dna-extraction-from-plankton-natural-samples-u-eq2lynz2qvx9/v1; https://www.fishersci.com/shop/products/nucleospin-rna-ii-740955-250/NC0707522; https://www.mn-net.com/lysis-buffer-ra1-740961,metag,,,,,,,,,DNA Polymerase:taq Q5;NoPCRs:2;PCRvolume:30;Nocycles:10,basic Genoscope QC,,0.298,,21.8,METAGENOMIC,,,,,,,,EMOBON_HCMR-1_Wa_14
EMOBON_HCMR-1_Wa_210917_0.2um_1,DBB_AABQ,EMOBON00077,https://www.protocols.io/view/cryogrinding-protocol-mecanic-lysis-of-planktonic-n92ldyq88l5b/v1; https://www.protocols.io/view/rna-dna-extraction-from-plankton-natural-samples-u-eq2lynz2qvx9/v1; https://www.fishersci.com/shop/products/nucleospin-rna-ii-740955-250/NC0707522; https://www.mn-net.com/lysis-buffer-ra1-740961,metag,,,,,,,,,DNA Polymerase:taq Q5;NoPCRs:2;PCRvolume:30;Nocycles:10,basic Genoscope QC,,0.93,,63.2,METAGENOMIC,,,,,,,,EMOBON_HCMR-1_Wa_17
EMOBON_HCMR-1_Wa_210917_0.2um_2,DBB_AABR,EMOBON00078,https://www.protocols.io/view/cryogrinding-protocol-mecanic-lysis-of-planktonic-n92ldyq88l5b/v1; https://www.protocols.io/view/rna-dna-extraction-from-plankton-natural-samples-u-eq2lynz2qvx9/v1; https://www.fishersci.com/shop/products/nucleospin-rna-ii-740955-250/NC0707522; https://www.mn-net.com/lysis-buffer-ra1-740961,metag,,,,,,,,,DNA Polymerase:taq Q5;NoPCRs:2;PCRvolume:30;Nocycles:10,basic Genoscope QC,,0.275,,27,METAGENOMIC,,,,,,,,EMOBON_HCMR-1_Wa_18
EMOBON_BPNS_So_210825_micro_2,DBH_AAAD,EMOBON00086,https://www.qiagen.com/us/products/discovery-and-translational-research/dna-rna-purification/dna-purification/microbial-dna/dneasy-powersoil-pro-kit?catno=47016,metag,,,metag,metag,metag,metag,,,DNA Polymerase:taq Q5;NoPCRs:2;PCRvolume:30;Nocycles:10,basic Genoscope QC,,0.4,,35.6,METAGENOMIC,,,,,EMOBON_BPNS_So_210825_micro_1_metag,,Prod_ILL_BqADN_NEBUII_151_v4; Bq NEB Next Ultra II,EMOBON_BPNS_So_12
EMOBON_OOB_So_210818_micro_1,DBH_AAAJ,EMOBON00090,https://www.qiagen.com/us/products/discovery-and-translational-research/dna-rna-purification/dna-purification/microbial-dna/dneasy-powersoil-pro-kit?catno=47016,metag,,,,,,,,,,basic Genoscope QC,,,,,METAGENOMIC,,,,,,,,EMOBON_OOB_So_9
EMOBON_OOB_So_210818_micro_2,DBH_AAAK,EMOBON00091,https://www.qiagen.com/us/products/discovery-and-translational-research/dna-rna-purification/dna-purification/microbial-dna/dneasy-powersoil-pro-kit?catno=47016,metag,,,,,,,,,,basic Genoscope QC,,,,,METAGENOMIC,,,,,,,,EMOBON_OOB_So_10
