source_mat_id_orig,source_mat_id,source_mat_id_an,ref_code,ref_code_sam,ref_code_seq,nucl_acid_ext,nucl_acid_amp,lib_reads_seqd,lib_layout,target_gene,target_subfragment,ampl_size,pcr_primers,mid,adapters,pcr_cond,seq_quality_check,instrument_model,dna_conc,dna_conc_method,dna_quant,library_source,run,reads_name,reads_name_rsq,mock_pr,mock_eu,url_seq,sop_seq,ENA_accesion_number_umbrella,ENA_accesion_number_project,extraction_blank,pcr_blank_1,pcr_blank_2,seq_batch,comment
EMOBON_BPNS_Wa_220322_3um_1,EMOBON_BPNS_Wa_81,,EMOBON00269,DBD_AAHZ,DBB_AAHV,,metag,,PAIRED,metag,metag,metag,metag,,,,basic Genoscope QC,Illumina NovaSeq 6000,6.246,,562.1,METAGENOMIC,231121_JARVIS_HV3HNDSX7,DBB_AAHVOSDA_2_HV3HNDSX7.UDI097,,,,,Prod_ILL_BqADN_NEBUII_151_v4,PRJEB51688,PRJEB51652,,,,batch_3,
EMOBON_BPNS_Wa_220322_3um_2,EMOBON_BPNS_Wa_82,,EMOBON00270,DBD_AAIA,DBB_AAHW,,metag,,PAIRED,metag,metag,metag,metag,,,,basic Genoscope QC,Illumina NovaSeq 6000,6.871,,618.4,METAGENOMIC,231121_JARVIS_HV3HNDSX7,DBB_AAHWOSDA_2_HV3HNDSX7.UDI109,,,,,Prod_ILL_BqADN_NEBUII_151_v4,PRJEB51688,PRJEB51652,,,,batch_3,
EMOBON_BPNS_Wa_220322_0.2um_1,EMOBON_BPNS_Wa_86,,EMOBON00271,DBD_AAIB,DBB_AAHX,,metag,,PAIRED,metag,metag,metag,metag,,,,basic Genoscope QC,Illumina NovaSeq 6000,2.234,,201.1,METAGENOMIC,240227_JARVIS_H5YGKDSXC,DBB_AAHXOSDA_3_H5YGKDSXC.UDI319,,,,,Prod_ILL_BqADN_NEBUII_151_v4,PRJEB51688,PRJEB51652,,,,batch_3,
EMOBON_BPNS_Wa_220322_0.2um_2,EMOBON_BPNS_Wa_87,,EMOBON00272,DBD_AAIC,DBB_AAHY,,metag,,PAIRED,metag,metag,metag,metag,,,,basic Genoscope QC,Illumina NovaSeq 6000,634,,57.1,METAGENOMIC,240227_JARVIS_H5YGKDSXC,DBB_AAHYOSDA_3_H5YGKDSXC.UDI292,,,,,Prod_ILL_BqADN_NEBUII_151_v4,PRJEB51688,PRJEB51652,,,,batch_3,
EMOBON_BPNS_Wa_220420_3um_1,EMOBON_BPNS_Wa_101,,EMOBON00273,,,,metag,,PAIRED,metag,metag,metag,metag,,,,basic Genoscope QC,Illumina NovaSeq 6000,103,,9.3,METAGENOMIC,,,,,,,Prod_ILL_BqADN_NEBUII_151_v4,PRJEB51688,PRJEB51652,,,,batch_3,failed; not enough DNA
EMOBON_BPNS_Wa_220420_3um_2,EMOBON_BPNS_Wa_102,,EMOBON00274,,,,metag,,PAIRED,metag,metag,metag,metag,,,,basic Genoscope QC,Illumina NovaSeq 6000,101,,9.1,METAGENOMIC,,,,,,,Prod_ILL_BqADN_NEBUII_151_v4,PRJEB51688,PRJEB51652,,,,batch_3,failed; not enough DNA
EMOBON_BPNS_Wa_220420_0.2um_1,EMOBON_BPNS_Wa_106,,EMOBON00275,,,,metag,,PAIRED,metag,metag,metag,metag,,,,basic Genoscope QC,Illumina NovaSeq 6000,91,,8.2,METAGENOMIC,,,,,,,Prod_ILL_BqADN_NEBUII_151_v4,PRJEB51688,PRJEB51652,,,,batch_3,failed; not enough DNA
EMOBON_BPNS_Wa_220420_0.2um_2,EMOBON_BPNS_Wa_107,,EMOBON00276,,,,metag,,PAIRED,metag,metag,metag,metag,,,,basic Genoscope QC,Illumina NovaSeq 6000,0.09,,8.1,METAGENOMIC,,,,,,,Prod_ILL_BqADN_NEBUII_151_v4,PRJEB51688,PRJEB51652,,,,batch_3,failed; not enough DNA
EMOBON_BPNS_Wa_220601_3um_1,EMOBON_BPNS_Wa_121,,EMOBON00277,DBD_AAIH,DBB_AAID,,metag,,PAIRED,metag,metag,metag,metag,,,,basic Genoscope QC,Illumina NovaSeq 6000,702,,63.2,METAGENOMIC,240227_JARVIS_H5YGKDSXC,DBB_AAIDOSDA_1_H5YH5DSXC.UDI293,,,,,Prod_ILL_BqADN_NEBUII_151_v4,PRJEB51688,PRJEB51652,,,,batch_3,
EMOBON_BPNS_Wa_220601_3um_2,EMOBON_BPNS_Wa_122,,EMOBON00278,DBD_AAII,DBB_AAIE,,metag,,PAIRED,metag,metag,metag,metag,,,,basic Genoscope QC,Illumina NovaSeq 6000,1.013,,91.2,METAGENOMIC,240227_JARVIS_H5YGKDSXC,DBB_AAIEOSDA_1_H5YH5DSXC.UDI294,,,,,Prod_ILL_BqADN_NEBUII_151_v4,PRJEB51688,PRJEB51652,,,,batch_3,
EMOBON_BPNS_Wa_220601_0.2um_1,EMOBON_BPNS_Wa_126,,EMOBON00279,DBD_AAIJ,DBB_AAIF,,metag,,PAIRED,metag,metag,metag,metag,,,,basic Genoscope QC,Illumina NovaSeq 6000,14.71,,1323.9,METAGENOMIC,231121_JARVIS_HV3HNDSX7,DBB_AAIFOSDA_1_HV3HNDSX7.UDI193,,,,,Prod_ILL_BqADN_NEBUII_151_v4,PRJEB51688,PRJEB51652,,,,batch_3,
EMOBON_BPNS_Wa_220601_0.2um_2,EMOBON_BPNS_Wa_127,,EMOBON00280,DBD_AAIK,DBB_AAIG,,metag,,PAIRED,metag,metag,metag,metag,,,,basic Genoscope QC,Illumina NovaSeq 6000,9.538,,858.4,METAGENOMIC,231121_JARVIS_HV3HNDSX7,DBB_AAIGOSDA_1_HV3HNDSX7.UDI205,,,,,Prod_ILL_BqADN_NEBUII_151_v4,PRJEB51688,PRJEB51652,,,,batch_3,
EMOBON_BPNS_Wa_220819_3um_1,EMOBON_BPNS_Wa_141,,EMOBON00281,,,,metag,,PAIRED,metag,metag,metag,metag,,,,basic Genoscope QC,Illumina NovaSeq 6000,119,,10.7,METAGENOMIC,,,,,,,Prod_ILL_BqADN_NEBUII_151_v4,PRJEB51688,PRJEB51652,,,,batch_3,failed; not enough DNA
EMOBON_BPNS_Wa_220819_3um_2,EMOBON_BPNS_Wa_142,,EMOBON00282,,,,metag,,PAIRED,metag,metag,metag,metag,,,,basic Genoscope QC,Illumina NovaSeq 6000,108,,9.7,METAGENOMIC,,,,,,,Prod_ILL_BqADN_NEBUII_151_v4,PRJEB51688,PRJEB51652,,,,batch_3,failed; not enough DNA
EMOBON_BPNS_Wa_220819_0.2um_1,EMOBON_BPNS_Wa_146,,EMOBON00283,,,,metag,,PAIRED,metag,metag,metag,metag,,,,basic Genoscope QC,Illumina NovaSeq 6000,128,,11.5,METAGENOMIC,,,,,,,Prod_ILL_BqADN_NEBUII_151_v4,PRJEB51688,PRJEB51652,,,,batch_3,failed; not enough DNA
EMOBON_BPNS_Wa_220819_0.2um_2,EMOBON_BPNS_Wa_147,,EMOBON00284,,,,metag,,PAIRED,metag,metag,metag,metag,,,,basic Genoscope QC,Illumina NovaSeq 6000,116,,10.4,METAGENOMIC,,,,,,,Prod_ILL_BqADN_NEBUII_151_v4,PRJEB51688,PRJEB51652,,,,batch_3,failed; not enough DNA
EMOBON_BPNS_So_220322_micro_1,EMOBON_BPNS_So_39,,EMOBON00285,DBG_AABL,DBH_AABM,,metag,,PAIRED,metag,metag,metag,metag,,,,basic Genoscope QC,Illumina NovaSeq 6000,818,,72,METAGENOMIC,231121_JARVIS_HV3HNDSX7,DBH_AABMOSDA_2_HJWK3DSX7.UDI353,,,,,Prod_ILL_BqADN_NEBUII_151_v4,PRJEB51688,PRJEB51652,,,,batch_3,
EMOBON_BPNS_So_220322_micro_2,EMOBON_BPNS_So_40,,EMOBON00286,,,,metag,,PAIRED,metag,metag,metag,metag,,,,basic Genoscope QC,Illumina NovaSeq 6000,176,,15.5,METAGENOMIC,,,,,,,Prod_ILL_BqADN_NEBUII_151_v4,PRJEB51688,PRJEB51652,,,,batch_3,failed; not enough DNA
EMOBON_BPNS_So_220420_micro_1,EMOBON_BPNS_So_45,,EMOBON00287,DBG_AABN,DBH_AABO,,metag,,PAIRED,metag,metag,metag,metag,,,,basic Genoscope QC,Illumina NovaSeq 6000,2.18,,185.3,METAGENOMIC,231121_JARVIS_HV3HNDSX7,DBH_AABOOSDA_2_HJWK3DSX7.UDI349,,,,,Prod_ILL_BqADN_NEBUII_151_v4,PRJEB51688,PRJEB51652,,,,batch_3,
EMOBON_BPNS_So_220420_micro_2,EMOBON_BPNS_So_46,,EMOBON00288,DBG_AABO,DBH_AABP,,metag,,PAIRED,metag,metag,metag,metag,,,,basic Genoscope QC,Illumina NovaSeq 6000,1.14,,96.9,METAGENOMIC,231121_JARVIS_HV3HNDSX7,DBH_AABPOSDA_2_HJWK3DSX7.UDI350,,,,,Prod_ILL_BqADN_NEBUII_151_v4,PRJEB51688,PRJEB51652,,,,batch_3,
EMOBON_BPNS_So_220601_micro_1,EMOBON_BPNS_So_61,,EMOBON00289,DBG_AABP,DBH_AABQ,,metag,,PAIRED,metag,metag,metag,metag,,,,basic Genoscope QC,Illumina NovaSeq 6000,442,,38.5,METAGENOMIC,231121_JARVIS_HV3HNDSX7,DBH_AABQOSDA_2_HJWK3DSX7.UDI355,,,,,Prod_ILL_BqADN_NEBUII_151_v4,PRJEB51688,PRJEB51652,,,,batch_3,
EMOBON_BPNS_So_220601_micro_2,EMOBON_BPNS_So_62,,EMOBON00290,DBG_AABQ,DBH_AABR,,metag,,PAIRED,metag,metag,metag,metag,,,,basic Genoscope QC,Illumina NovaSeq 6000,478,,40.6,METAGENOMIC,231121_JARVIS_HV3HNDSX7,DBH_AABROSDA_2_HJWK3DSX7.UDI356,,,,,Prod_ILL_BqADN_NEBUII_151_v4,PRJEB51688,PRJEB51652,,,,batch_3,
EMOBON_EMT21_Wa_220225_3um_1,EMOBON_EMT21_Wa_46,,EMOBON00291,DBD_AAIP,DBB_AAIL,,metag,,PAIRED,metag,metag,metag,metag,,,,basic Genoscope QC,Illumina NovaSeq 6000,3.147,,283.2,METAGENOMIC,231121_JARVIS_HV3HNDSX7,DBB_AAILOSDA_2_HV3HNDSX7.UDI121,,,,,Prod_ILL_BqADN_NEBUII_151_v4,PRJEB51688,PRJEB51653,,,,batch_3,
EMOBON_EMT21_Wa_220225_3um_2,EMOBON_EMT21_Wa_47,,EMOBON00292,DBD_AAIQ,DBB_AAIM,,metag,,PAIRED,metag,metag,metag,metag,,,,basic Genoscope QC,Illumina NovaSeq 6000,217,,19.5,METAGENOMIC,240227_JARVIS_H5YGKDSXC,DBB_AAIMOSDA_1_H5YH5DSXC.UDI295,,,,,Prod_ILL_BqADN_NEBUII_151_v4,PRJEB51688,PRJEB51653,,,,batch_3,
EMOBON_EMT21_Wa_220225_0.2um_1,EMOBON_EMT21_Wa_51,,EMOBON00293,DBD_AAIR,DBB_AAIN,,metag,,PAIRED,metag,metag,metag,metag,,,,basic Genoscope QC,Illumina NovaSeq 6000,5.741,,516.7,METAGENOMIC,231121_JARVIS_HV3HNDSX7,DBB_AAINOSDA_1_HV3HNDSX7.UDI217,,,,,Prod_ILL_BqADN_NEBUII_151_v4,PRJEB51688,PRJEB51653,,,,batch_3,
EMOBON_EMT21_Wa_220225_0.2um_2,EMOBON_EMT21_Wa_52,,EMOBON00294,DBD_AAIS,DBB_AAIO,,metag,,PAIRED,metag,metag,metag,metag,,,,basic Genoscope QC,Illumina NovaSeq 6000,3.083,,277.5,METAGENOMIC,240227_JARVIS_H5YGKDSXC,DBB_AAIOOSDA_3_H5YGKDSXC.UDI320,,,,,Prod_ILL_BqADN_NEBUII_151_v4,PRJEB51688,PRJEB51653,,,,batch_3,
EMOBON_EMT21_Wa_220420_3um_1,EMOBON_EMT21_Wa_61,,EMOBON00295,DBD_AAIT,DBB_AAIP,,metag,,PAIRED,metag,metag,metag,metag,,,,basic Genoscope QC,Illumina NovaSeq 6000,1.601,,144,METAGENOMIC,240227_JARVIS_H5YGKDSXC,DBB_AAIPOSDA_1_H5YH5DSXC.UDI321,,,,,Prod_ILL_BqADN_NEBUII_151_v4,PRJEB51688,PRJEB51653,,,,batch_3,
EMOBON_EMT21_Wa_220420_3um_2,EMOBON_EMT21_Wa_62,,EMOBON00296,DBD_AAIU,DBB_AAIQ,,metag,,PAIRED,metag,metag,metag,metag,,,,basic Genoscope QC,Illumina NovaSeq 6000,1.703,,153.2,METAGENOMIC,240227_JARVIS_H5YGKDSXC,DBB_AAIQOSDA_1_H5YH5DSXC.UDI322,,,,,Prod_ILL_BqADN_NEBUII_151_v4,PRJEB51688,PRJEB51653,,,,batch_3,
EMOBON_EMT21_Wa_220420_0.2um_1,EMOBON_EMT21_Wa_66,,EMOBON00297,DBD_AAIV,DBB_AAIR,,metag,,PAIRED,metag,metag,metag,metag,,,,basic Genoscope QC,Illumina NovaSeq 6000,12.93,,1163.7,METAGENOMIC,231121_JARVIS_HV3HNDSX7,DBB_AAIROSDA_1_HV3HNDSX7.UDI229,,,,,Prod_ILL_BqADN_NEBUII_151_v4,PRJEB51688,PRJEB51653,,,,batch_3,
EMOBON_EMT21_Wa_220420_0.2um_2,EMOBON_EMT21_Wa_67,,EMOBON00298,DBD_AAIW,DBB_AAIS,,metag,,PAIRED,metag,metag,metag,metag,,,,basic Genoscope QC,Illumina NovaSeq 6000,5.395,,485.5,METAGENOMIC,231121_JARVIS_HV3HNDSX7,DBB_AAISOSDA_1_HV3HNDSX7.UDI241,,,,,Prod_ILL_BqADN_NEBUII_151_v4,PRJEB51688,PRJEB51653,,,,batch_3,
EMOBON_EMT21_Wa_220824_3um_1,EMOBON_EMT21_Wa_91,,EMOBON00299,DBD_AAIX,DBB_AAIT,,metag,,PAIRED,metag,metag,metag,metag,,,,basic Genoscope QC,Illumina NovaSeq 6000,8.24,,741.6,METAGENOMIC,231121_JARVIS_HV3HNDSX7,DBB_AAITOSDA_2_HV3HNDSX7.UDI133,,,,,Prod_ILL_BqADN_NEBUII_151_v4,PRJEB51688,PRJEB51653,,,,batch_3,
EMOBON_EMT21_Wa_220824_3um_2,EMOBON_EMT21_Wa_92,,EMOBON00300,DBD_AAIY,DBB_AAIU,,metag,,PAIRED,metag,metag,metag,metag,,,,basic Genoscope QC,Illumina NovaSeq 6000,17.285,,1555.6,METAGENOMIC,231121_JARVIS_HV3HNDSX7,DBB_AAIUOSDA_2_HV3HNDSX7.UDI145,,,,,Prod_ILL_BqADN_NEBUII_151_v4,PRJEB51688,PRJEB51653,,,,batch_3,
EMOBON_EMT21_Wa_220824_0.2um_1,EMOBON_EMT21_Wa_96,,EMOBON00301,DBD_AAIZ,DBB_AAIV,,metag,,PAIRED,metag,metag,metag,metag,,,,basic Genoscope QC,Illumina NovaSeq 6000,22.23,,2000.7,METAGENOMIC,231121_JARVIS_HV3HNDSX7,DBB_AAIVOSDA_1_HV3HNDSX7.UDI253,,,,,Prod_ILL_BqADN_NEBUII_151_v4,PRJEB51688,PRJEB51653,,,,batch_3,
EMOBON_EMT21_Wa_220824_0.2um_2,EMOBON_EMT21_Wa_97,,EMOBON00302,DBD_AAJA,DBB_AAIW,,metag,,PAIRED,metag,metag,metag,metag,,,,basic Genoscope QC,Illumina NovaSeq 6000,10.89,,980.1,METAGENOMIC,231121_JARVIS_HV3HNDSX7,DBB_AAIWOSDA_1_HV3HNDSX7.UDI265,,,,,Prod_ILL_BqADN_NEBUII_151_v4,PRJEB51688,PRJEB51653,,,,batch_3,
EMOBON_MBAL4_Wa_220301_3um_1,EMOBON_MBAL4_Wa_21,,EMOBON00303,DBD_AAJB,DBB_AAIX,,metag,,PAIRED,metag,metag,metag,metag,,,,basic Genoscope QC,Illumina NovaSeq 6000,2.302,,207.2,METAGENOMIC,240227_JARVIS_H5YGKDSXC,DBB_AAIXOSDA_1_H5YH5DSXC.UDI328,,,,,Prod_ILL_BqADN_NEBUII_151_v4,PRJEB51688,PRJEB51657,,,,batch_3,
EMOBON_MBAL4_Wa_220301_3um_2,EMOBON_MBAL4_Wa_22,,EMOBON00304,DBD_AAJC,DBB_AAIY,,metag,,PAIRED,metag,metag,metag,metag,,,,basic Genoscope QC,Illumina NovaSeq 6000,807,,72.7,METAGENOMIC,240227_JARVIS_H5YGKDSXC,DBB_AAIYOSDA_1_H5YH5DSXC.UDI296,,,,,Prod_ILL_BqADN_NEBUII_151_v4,PRJEB51688,PRJEB51657,,,,batch_3,
EMOBON_MBAL4_Wa_220301_0.2um_1,EMOBON_MBAL4_Wa_23,,EMOBON00305,DBD_AAJD,DBB_AAIZ,,metag,,PAIRED,metag,metag,metag,metag,,,,basic Genoscope QC,Illumina NovaSeq 6000,58.5,,5265,METAGENOMIC,231121_JARVIS_HV3HNDSX7,DBB_AAIZOSDA_1_HV3HNDSX7.UDI277,,,,,Prod_ILL_BqADN_NEBUII_151_v4,PRJEB51688,PRJEB51657,,,,batch_3,
EMOBON_MBAL4_Wa_220301_0.2um_2,EMOBON_MBAL4_Wa_24,,EMOBON00306,DBD_AAJE,DBB_AAJA,,metag,,PAIRED,metag,metag,metag,metag,,,,basic Genoscope QC,Illumina NovaSeq 6000,44.4,,3996,METAGENOMIC,231121_JARVIS_HV3HNDSX7,DBB_AAJAOSDA_1_HV3HNDSX7.UDI194,,,,,Prod_ILL_BqADN_NEBUII_151_v4,PRJEB51688,PRJEB51657,,,,batch_3,
EMOBON_MBAL4_Wa_220427_3um_1,EMOBON_MBAL4_Wa_31,,EMOBON00307,DBD_AAJF,DBB_AAJB,,metag,,PAIRED,metag,metag,metag,metag,,,,basic Genoscope QC,Illumina NovaSeq 6000,8.436,,759.3,METAGENOMIC,231121_JARVIS_HV3HNDSX7,DBB_AAJBOSDA_2_HV3HNDSX7.UDI157,,,,,Prod_ILL_BqADN_NEBUII_151_v4,PRJEB51688,PRJEB51657,,,,batch_3,
EMOBON_MBAL4_Wa_220427_3um_2,EMOBON_MBAL4_Wa_32,,EMOBON00308,DBD_AAJG,DBB_AAJC,,metag,,PAIRED,metag,metag,metag,metag,,,,basic Genoscope QC,Illumina NovaSeq 6000,4.396,,395.6,METAGENOMIC,231121_JARVIS_HV3HNDSX7,DBB_AAJCOSDA_2_HV3HNDSX7.UDI169,,,,,Prod_ILL_BqADN_NEBUII_151_v4,PRJEB51688,PRJEB51657,,,,batch_3,
EMOBON_MBAL4_Wa_220427_0.2um_1,EMOBON_MBAL4_Wa_33,,EMOBON00309,DBD_AAJH,DBB_AAJD,,metag,,PAIRED,metag,metag,metag,metag,,,,basic Genoscope QC,Illumina NovaSeq 6000,83.5,,7515,METAGENOMIC,231121_JARVIS_HV3HNDSX7,DBB_AAJDOSDA_1_HV3HNDSX7.UDI206,,,,,Prod_ILL_BqADN_NEBUII_151_v4,PRJEB51688,PRJEB51657,,,,batch_3,
EMOBON_MBAL4_Wa_220427_0.2um_2,EMOBON_MBAL4_Wa_34,,EMOBON00310,DBD_AAJI,DBB_AAJE,,metag,,PAIRED,metag,metag,metag,metag,,,,basic Genoscope QC,Illumina NovaSeq 6000,60,,5400,METAGENOMIC,231121_JARVIS_HV3HNDSX7,DBB_AAJEOSDA_1_HV3HNDSX7.UDI218,,,,,Prod_ILL_BqADN_NEBUII_151_v4,PRJEB51688,PRJEB51657,,,,batch_3,
EMOBON_MBAL4_Wa_220427_3um_blank,EMOBON_MBAL4_Wa_39,,EMOBON00311,,,,metag,,PAIRED,metag,metag,metag,metag,,,,basic Genoscope QC,Illumina NovaSeq 6000,,,,METAGENOMIC,,,,,,,Prod_ILL_BqADN_NEBUII_151_v4,PRJEB51688,PRJEB51657,,,,batch_3,blank; not MetaG-sequenced
EMOBON_MBAL4_Wa_220427_0.2um_blank,EMOBON_MBAL4_Wa_40,,EMOBON00312,,,,metag,,PAIRED,metag,metag,metag,metag,,,,basic Genoscope QC,Illumina NovaSeq 6000,,,,METAGENOMIC,,,,,,,Prod_ILL_BqADN_NEBUII_151_v4,PRJEB51688,PRJEB51657,,,,batch_3,blank; not MetaG-sequenced
EMOBON_MBAL4_Wa_220616_3um_1,EMOBON_MBAL4_Wa_41,,EMOBON00313,DBD_AAJJ,DBB_AAJF,,metag,,PAIRED,metag,metag,metag,metag,,,,basic Genoscope QC,Illumina NovaSeq 6000,14.065,,1265.9,METAGENOMIC,231121_JARVIS_HV3HNDSX7,DBB_AAJFOSDA_2_HV3HNDSX7.UDI181,,,,,Prod_ILL_BqADN_NEBUII_151_v4,PRJEB51688,PRJEB51657,,,,batch_3,
EMOBON_MBAL4_Wa_220616_3um_2,EMOBON_MBAL4_Wa_42,,EMOBON00314,DBD_AAJK,DBB_AAJG,,metag,,PAIRED,metag,metag,metag,metag,,,,basic Genoscope QC,Illumina NovaSeq 6000,21.25,,1912.5,METAGENOMIC,231121_JARVIS_HV3HNDSX7,DBB_AAJGOSDA_2_HV3HNDSX7.UDI098,,,,,Prod_ILL_BqADN_NEBUII_151_v4,PRJEB51688,PRJEB51657,,,,batch_3,
EMOBON_MBAL4_Wa_220616_0.2um_1,EMOBON_MBAL4_Wa_43,,EMOBON00315,DBD_AAJL,DBB_AAJH,,metag,,PAIRED,metag,metag,metag,metag,,,,basic Genoscope QC,Illumina NovaSeq 6000,72,,6480,METAGENOMIC,231121_JARVIS_HV3HNDSX7,DBB_AAJHOSDA_1_HV3HNDSX7.UDI230,,,,,Prod_ILL_BqADN_NEBUII_151_v4,PRJEB51688,PRJEB51657,,,,batch_3,
EMOBON_MBAL4_Wa_220616_0.2um_2,EMOBON_MBAL4_Wa_44,,EMOBON00316,DBD_AAJM,DBB_AAJI,,metag,,PAIRED,metag,metag,metag,metag,,,,basic Genoscope QC,Illumina NovaSeq 6000,57.5,,5175,METAGENOMIC,231121_JARVIS_HV3HNDSX7,DBB_AAJIOSDA_1_HV3HNDSX7.UDI242,,,,,Prod_ILL_BqADN_NEBUII_151_v4,PRJEB51688,PRJEB51657,,,,batch_3,
EMOBON_MBAL4_Wa_220912_3um_1,EMOBON_MBAL4_Wa_51,,EMOBON00317,DBD_AAJN,DBB_AAJJ,,metag,,PAIRED,metag,metag,metag,metag,,,,basic Genoscope QC,Illumina NovaSeq 6000,26.64,,2397.6,METAGENOMIC,231121_JARVIS_HV3HNDSX7,DBB_AAJJOSDA_2_HV3HNDSX7.UDI110,,,,,Prod_ILL_BqADN_NEBUII_151_v4,PRJEB51688,PRJEB51657,,,,batch_3,
EMOBON_MBAL4_Wa_220912_3um_2,EMOBON_MBAL4_Wa_52,,EMOBON00318,DBD_AAJO,DBB_AAJK,,metag,,PAIRED,metag,metag,metag,metag,,,,basic Genoscope QC,Illumina NovaSeq 6000,28.85,,2596.5,METAGENOMIC,231121_JARVIS_HV3HNDSX7,DBB_AAJKOSDA_2_HV3HNDSX7.UDI122,,,,,Prod_ILL_BqADN_NEBUII_151_v4,PRJEB51688,PRJEB51657,,,,batch_3,
EMOBON_MBAL4_Wa_220912_0.2um_1,EMOBON_MBAL4_Wa_53,,EMOBON00319,DBD_AAJP,DBB_AAJL,,metag,,PAIRED,metag,metag,metag,metag,,,,basic Genoscope QC,Illumina NovaSeq 6000,51,,4590,METAGENOMIC,231121_JARVIS_HV3HNDSX7,DBB_AAJLOSDA_1_HV3HNDSX7.UDI254,,,,,Prod_ILL_BqADN_NEBUII_151_v4,PRJEB51688,PRJEB51657,,,,batch_3,
EMOBON_MBAL4_Wa_220912_0.2um_2,EMOBON_MBAL4_Wa_54,,EMOBON00320,DBD_AAJQ,DBB_AAJM,,metag,,PAIRED,metag,metag,metag,metag,,,,basic Genoscope QC,Illumina NovaSeq 6000,47.8,,4302,METAGENOMIC,231121_JARVIS_HV3HNDSX7,DBB_AAJMOSDA_1_HV3HNDSX7.UDI266,,,,,Prod_ILL_BqADN_NEBUII_151_v4,PRJEB51688,PRJEB51657,,,,batch_3,
EMOBON_AAOT_Wa_220214_3um_1,EMOBON_AAOT_Wa_81,,EMOBON00321,DBD_AAJR,DBB_AAJN,,metag,,PAIRED,metag,metag,metag,metag,,,,basic Genoscope QC,Illumina NovaSeq 6000,1.311,,118,METAGENOMIC,240227_JARVIS_H5YGKDSXC,DBB_AAJNOSDA_1_H5YH5DSXC.UDI329,,,,,Prod_ILL_BqADN_NEBUII_151_v4,PRJEB51688,PRJEB50566,,,,batch_3,
EMOBON_AAOT_Wa_220214_3um_2,EMOBON_AAOT_Wa_82,,EMOBON00322,DBD_AAJS,DBB_AAJO,,metag,,PAIRED,metag,metag,metag,metag,,,,basic Genoscope QC,Illumina NovaSeq 6000,1.77,,159.3,METAGENOMIC,240227_JARVIS_H5YGKDSXC,DBB_AAJOOSDA_1_H5YH5DSXC.UDI330,,,,,Prod_ILL_BqADN_NEBUII_151_v4,PRJEB51688,PRJEB50566,,,,batch_3,
EMOBON_AAOT_Wa_220214_0.2um_1,EMOBON_AAOT_Wa_86,,EMOBON00323,DBD_AAJT,DBB_AAJP,,metag,,PAIRED,metag,metag,metag,metag,,,,basic Genoscope QC,Illumina NovaSeq 6000,3.954,,355.9,METAGENOMIC,240227_JARVIS_H5YGKDSXC,DBB_AAJPOSDA_3_H5YGKDSXC.UDI331,,,,,Prod_ILL_BqADN_NEBUII_151_v4,PRJEB51688,PRJEB50566,,,,batch_3,
EMOBON_AAOT_Wa_220214_0.2um_2,EMOBON_AAOT_Wa_87,,EMOBON00324,DBD_AAJU,DBB_AAJQ,,metag,,PAIRED,metag,metag,metag,metag,,,,basic Genoscope QC,Illumina NovaSeq 6000,4.054,,364.8,METAGENOMIC,240227_JARVIS_H5YGKDSXC,DBB_AAJQOSDA_3_H5YGKDSXC.UDI332,,,,,Prod_ILL_BqADN_NEBUII_151_v4,PRJEB51688,PRJEB50566,,,,batch_3,
EMOBON_AAOT_Wa_220411_3um_1,EMOBON_AAOT_Wa_101,,EMOBON00325,DBD_AAJV,DBB_AAJR,,metag,,PAIRED,metag,metag,metag,metag,,,,basic Genoscope QC,Illumina NovaSeq 6000,2.753,,247.8,METAGENOMIC,231121_JARVIS_HV3HNDSX7,DBB_AAJROSDA_2_HV3HNDSX7.UDI134,,,,,Prod_ILL_BqADN_NEBUII_151_v4,PRJEB51688,PRJEB50566,,,,batch_3,
EMOBON_AAOT_Wa_220411_3um_2,EMOBON_AAOT_Wa_102,,EMOBON00326,DBD_AAJW,DBB_AAJS,,metag,,PAIRED,metag,metag,metag,metag,,,,basic Genoscope QC,Illumina NovaSeq 6000,1.877,,168.9,METAGENOMIC,240227_JARVIS_H5YGKDSXC,DBB_AAJSOSDA_1_H5YH5DSXC.UDI333,,,,,Prod_ILL_BqADN_NEBUII_151_v4,PRJEB51688,PRJEB50566,,,,batch_3,
EMOBON_AAOT_Wa_220411_0.2um_1,EMOBON_AAOT_Wa_106,,EMOBON00327,DBD_AAJX,DBB_AAJT,,metag,,PAIRED,metag,metag,metag,metag,,,,basic Genoscope QC,Illumina NovaSeq 6000,4.496,,404.6,METAGENOMIC,231121_JARVIS_HV3HNDSX7,DBB_AAJTOSDA_1_HV3HNDSX7.UDI278,,,,,Prod_ILL_BqADN_NEBUII_151_v4,PRJEB51688,PRJEB50566,,,,batch_3,
EMOBON_AAOT_Wa_220411_0.2um_2,EMOBON_AAOT_Wa_107,,EMOBON00328,,,,metag,,PAIRED,metag,metag,metag,metag,,,,basic Genoscope QC,Illumina NovaSeq 6000,,,,METAGENOMIC,,,,,,,Prod_ILL_BqADN_NEBUII_151_v4,PRJEB51688,PRJEB50566,,,,batch_3,failed; not enough DNA
EMOBON_AAOT_Wa_220613_3um_1,EMOBON_AAOT_Wa_121,,EMOBON00329,DBD_AAJZ,DBB_AAJV,,metag,,PAIRED,metag,metag,metag,metag,,,,basic Genoscope QC,Illumina NovaSeq 6000,751,,67.6,METAGENOMIC,240227_JARVIS_H5YGKDSXC,DBB_AAJVOSDA_1_H5YH5DSXC.UDI297,,,,,Prod_ILL_BqADN_NEBUII_151_v4,PRJEB51688,PRJEB50566,,,,batch_3,
EMOBON_AAOT_Wa_220613_3um_2,EMOBON_AAOT_Wa_122,,EMOBON00330,DBD_AAKA,DBB_AAJW,,metag,,PAIRED,metag,metag,metag,metag,,,,basic Genoscope QC,Illumina NovaSeq 6000,4.379,,394.1,METAGENOMIC,231121_JARVIS_HV3HNDSX7,DBB_AAJWOSDA_2_HV3HNDSX7.UDI146,,,,,Prod_ILL_BqADN_NEBUII_151_v4,PRJEB51688,PRJEB50566,,,,batch_3,
EMOBON_AAOT_Wa_220613_0.2um_1,EMOBON_AAOT_Wa_126,,EMOBON00331,DBD_AAKB,DBB_AAJX,,metag,,PAIRED,metag,metag,metag,metag,,,,basic Genoscope QC,Illumina NovaSeq 6000,8.814,,793.2,METAGENOMIC,231121_JARVIS_HV3HNDSX7,DBB_AAJXOSDA_1_HV3HNDSX7.UDI195,,,,,Prod_ILL_BqADN_NEBUII_151_v4,PRJEB51688,PRJEB50566,,,,batch_3,
EMOBON_AAOT_Wa_220613_0.2um_2,EMOBON_AAOT_Wa_127,,EMOBON00332,DBD_AAKC,DBB_AAJY,,metag,,PAIRED,metag,metag,metag,metag,,,,basic Genoscope QC,Illumina NovaSeq 6000,4.057,,365.1,METAGENOMIC,231121_JARVIS_HV3HNDSX7,DBB_AAJYOSDA_1_HV3HNDSX7.UDI207,,,,,Prod_ILL_BqADN_NEBUII_151_v4,PRJEB51688,PRJEB50566,,,,batch_3,
EMOBON_AAOT_Wa_220804_3um_1,EMOBON_AAOT_Wa_141,,EMOBON00333,DBD_AAKD,DBB_AAJZ,,metag,,PAIRED,metag,metag,metag,metag,,,,basic Genoscope QC,Illumina NovaSeq 6000,1.532,,137.8,METAGENOMIC,240227_JARVIS_H5YGKDSXC,DBB_AAJZOSDA_1_H5YH5DSXC.UDI334,,,,,Prod_ILL_BqADN_NEBUII_151_v4,PRJEB51688,PRJEB50566,,,,batch_3,
EMOBON_AAOT_Wa_220804_3um_2,EMOBON_AAOT_Wa_142,,EMOBON00334,DBD_AAKE,DBB_AAKA,,metag,,PAIRED,metag,metag,metag,metag,,,,basic Genoscope QC,Illumina NovaSeq 6000,4.037,,363.3,METAGENOMIC,231121_JARVIS_HV3HNDSX7,DBB_AAKAOSDA_2_HV3HNDSX7.UDI158,,,,,Prod_ILL_BqADN_NEBUII_151_v4,PRJEB51688,PRJEB50566,,,,batch_3,
EMOBON_AAOT_Wa_220804_0.2um_1,EMOBON_AAOT_Wa_146,,EMOBON00335,DBD_AAKF,DBB_AAKB,,metag,,PAIRED,metag,metag,metag,metag,,,,basic Genoscope QC,Illumina NovaSeq 6000,6.826,,614.3,METAGENOMIC,231121_JARVIS_HV3HNDSX7,DBB_AAKBOSDA_1_HV3HNDSX7.UDI219,,,,,Prod_ILL_BqADN_NEBUII_151_v4,PRJEB51688,PRJEB50566,,,,batch_3,
EMOBON_AAOT_Wa_220804_0.2um_2,EMOBON_AAOT_Wa_147,,EMOBON00336,DBD_AAKG,DBB_AAKC,,metag,,PAIRED,metag,metag,metag,metag,,,,basic Genoscope QC,Illumina NovaSeq 6000,5.604,,504.4,METAGENOMIC,231121_JARVIS_HV3HNDSX7,DBB_AAKCOSDA_1_HV3HNDSX7.UDI231,,,,,Prod_ILL_BqADN_NEBUII_151_v4,PRJEB51688,PRJEB50566,,,,batch_3,
EMOBON_VB_Wa_220221_3um_1,EMOBON_VB_Wa_189,,EMOBON00337,DBD_AAKH,DBB_AAKD,,metag,,PAIRED,metag,metag,metag,metag,,,,basic Genoscope QC,Illumina NovaSeq 6000,649,,58.4,METAGENOMIC,240227_JARVIS_H5YGKDSXC,DBB_AAKDOSDA_1_H5YH5DSXC.UDI298,,,,,Prod_ILL_BqADN_NEBUII_151_v4,PRJEB51688,PRJEB51664,,,,batch_3,
EMOBON_VB_Wa_220221_3um_2,EMOBON_VB_Wa_190,,EMOBON00338,DBD_AAKI,DBB_AAKE,,metag,,PAIRED,metag,metag,metag,metag,,,,basic Genoscope QC,Illumina NovaSeq 6000,569,,51.2,METAGENOMIC,240227_JARVIS_H5YGKDSXC,DBB_AAKEOSDA_1_H5YH5DSXC.UDI299,,,,,Prod_ILL_BqADN_NEBUII_151_v4,PRJEB51688,PRJEB51664,,,,batch_3,
EMOBON_VB_Wa_220221_0.2um_1,EMOBON_VB_Wa_192,,EMOBON00339,DBD_AAKJ,DBB_AAKF,,metag,,PAIRED,metag,metag,metag,metag,,,,basic Genoscope QC,Illumina NovaSeq 6000,14.995,,1349.6,METAGENOMIC,231121_JARVIS_HV3HNDSX7,DBB_AAKFOSDA_1_HV3HNDSX7.UDI243,,,,,Prod_ILL_BqADN_NEBUII_151_v4,PRJEB51688,PRJEB51664,,,,batch_3,
EMOBON_VB_Wa_220221_0.2um_2,EMOBON_VB_Wa_193,,EMOBON00340,DBD_AAKK,DBB_AAKG,,metag,,PAIRED,metag,metag,metag,metag,,,,basic Genoscope QC,Illumina NovaSeq 6000,3.811,,343,METAGENOMIC,240227_JARVIS_H5YGKDSXC,DBB_AAKGOSDA_3_H5YGKDSXC.UDI335,,,,,Prod_ILL_BqADN_NEBUII_151_v4,PRJEB51688,PRJEB51664,,,,batch_3,
EMOBON_VB_Wa_220419_3um_1,EMOBON_VB_Wa_236,,EMOBON00341,DBD_AAKL,DBB_AAKH,,metag,,PAIRED,metag,metag,metag,metag,,,,basic Genoscope QC,Illumina NovaSeq 6000,0.4,,36,METAGENOMIC,240227_JARVIS_H5YGKDSXC,DBB_AAKHOSDA_1_H5YH5DSXC.UDI304,,,,,Prod_ILL_BqADN_NEBUII_151_v4,PRJEB51688,PRJEB51664,,,,batch_3,
EMOBON_VB_Wa_220419_3um_2,EMOBON_VB_Wa_237,,EMOBON00342,DBD_AAKM,DBB_AAKI,,metag,,PAIRED,metag,metag,metag,metag,,,,basic Genoscope QC,Illumina NovaSeq 6000,698,,62.9,METAGENOMIC,240227_JARVIS_H5YGKDSXC,DBB_AAKIOSDA_1_H5YH5DSXC.UDI305,,,,,Prod_ILL_BqADN_NEBUII_151_v4,PRJEB51688,PRJEB51664,,,,batch_3,
EMOBON_VB_Wa_220419_0.2um_1,EMOBON_VB_Wa_239,,EMOBON00343,DBD_AAKN,DBB_AAKJ,,metag,,PAIRED,metag,metag,metag,metag,,,,basic Genoscope QC,Illumina NovaSeq 6000,26.525,,2387.3,METAGENOMIC,231121_JARVIS_HV3HNDSX7,DBB_AAKJOSDA_1_HV3HNDSX7.UDI255,,,,,Prod_ILL_BqADN_NEBUII_151_v4,PRJEB51688,PRJEB51664,,,,batch_3,
EMOBON_VB_Wa_220419_0.2um_2,EMOBON_VB_Wa_240,,EMOBON00344,DBD_AAKO,DBB_AAKK,,metag,,PAIRED,metag,metag,metag,metag,,,,basic Genoscope QC,Illumina NovaSeq 6000,55.5,,4995,METAGENOMIC,231121_JARVIS_HV3HNDSX7,DBB_AAKKOSDA_1_HV3HNDSX7.UDI267,,,,,Prod_ILL_BqADN_NEBUII_151_v4,PRJEB51688,PRJEB51664,,,,batch_3,
EMOBON_VB_Wa_220614_3um_1,EMOBON_VB_Wa_288,,EMOBON00345,DBD_AAKP,DBB_AAKL,,metag,,PAIRED,metag,metag,metag,metag,,,,basic Genoscope QC,Illumina NovaSeq 6000,729,,65.6,METAGENOMIC,240227_JARVIS_H5YGKDSXC,DBB_AAKLOSDA_1_H5YH5DSXC.UDI306,,,,,Prod_ILL_BqADN_NEBUII_151_v4,PRJEB51688,PRJEB51664,,,,batch_3,
EMOBON_VB_Wa_220614_3um_2,EMOBON_VB_Wa_289,,EMOBON00346,DBD_AAKQ,DBB_AAKM,,metag,,PAIRED,metag,metag,metag,metag,,,,basic Genoscope QC,Illumina NovaSeq 6000,1.029,,92.6,METAGENOMIC,240227_JARVIS_H5YGKDSXC; 240404_JARVIS_HF22HDSXC,DBB_AAKMOSDA_1_H5YH5DSXC.UDI307,DBB_AAKMOSDA_4_HF22HDSXC.UDI307,,,,Prod_ILL_BqADN_NEBUII_151_v4,PRJEB51688,PRJEB51664,,,,batch_3,re-sequenced
EMOBON_VB_Wa_220614_0.2um_1,EMOBON_VB_Wa_291,,EMOBON00347,DBD_AAKR,DBB_AAKN,,metag,,PAIRED,metag,metag,metag,metag,,,,basic Genoscope QC,Illumina NovaSeq 6000,11.585,,1042.7,METAGENOMIC,231121_JARVIS_HV3HNDSX7,DBB_AAKNOSDA_1_HV3HNDSX7.UDI279,,,,,Prod_ILL_BqADN_NEBUII_151_v4,PRJEB51688,PRJEB51664,,,,batch_3,
EMOBON_VB_Wa_220614_0.2um_2,EMOBON_VB_Wa_292,,EMOBON00348,DBD_AAKS,DBB_AAKO,,metag,,PAIRED,metag,metag,metag,metag,,,,basic Genoscope QC,Illumina NovaSeq 6000,7.674,,690.7,METAGENOMIC,231121_JARVIS_HV3HNDSX7,DBB_AAKOOSDA_1_HV3HNDSX7.UDI196,,,,,Prod_ILL_BqADN_NEBUII_151_v4,PRJEB51688,PRJEB51664,,,,batch_3,
EMOBON_VB_Wa_220823_3um_1,EMOBON_VB_Wa_340,,EMOBON00349,DBD_AAKT,DBB_AAKP,,metag,,PAIRED,metag,metag,metag,metag,,,,basic Genoscope QC,Illumina NovaSeq 6000,905,,81.5,METAGENOMIC,240227_JARVIS_H5YGKDSXC,DBB_AAKPOSDA_1_H5YH5DSXC.UDI308,,,,,Prod_ILL_BqADN_NEBUII_151_v4,PRJEB51688,PRJEB51664,,,,batch_3,
EMOBON_VB_Wa_220823_3um_2,EMOBON_VB_Wa_341,,EMOBON00350,DBD_AAKU,DBB_AAKQ,,metag,,PAIRED,metag,metag,metag,metag,,,,basic Genoscope QC,Illumina NovaSeq 6000,2.067,,186,METAGENOMIC,240227_JARVIS_H5YGKDSXC,DBB_AAKQOSDA_1_H5YH5DSXC.UDI340,,,,,Prod_ILL_BqADN_NEBUII_151_v4,PRJEB51688,PRJEB51664,,,,batch_3,
EMOBON_VB_Wa_220823_0.2um_1,EMOBON_VB_Wa_343,,EMOBON00351,DBD_AAKV,DBB_AAKR,,metag,,PAIRED,metag,metag,metag,metag,,,,basic Genoscope QC,Illumina NovaSeq 6000,1.982,,178.3,METAGENOMIC,240227_JARVIS_H5YGKDSXC,DBB_AAKROSDA_3_H5YGKDSXC.UDI341,,,,,Prod_ILL_BqADN_NEBUII_151_v4,PRJEB51688,PRJEB51664,,,,batch_3,
EMOBON_VB_Wa_220823_0.2um_2,EMOBON_VB_Wa_344,,EMOBON00352,DBD_AAKW,DBB_AAKS,,metag,,PAIRED,metag,metag,metag,metag,,,,basic Genoscope QC,Illumina NovaSeq 6000,6.958,,626.2,METAGENOMIC,231121_JARVIS_HV3HNDSX7,DBB_AAKSOSDA_1_HV3HNDSX7.UDI208,,,,,Prod_ILL_BqADN_NEBUII_151_v4,PRJEB51688,PRJEB51664,,,,batch_3,
EMOBON_ROSKOGO_Wa_220210_3um_1,EMOBON_ROSKOGO_Wa_43,,EMOBON00353,DBD_AAKX,DBB_AAKT,,metag,,PAIRED,metag,metag,metag,metag,,,,basic Genoscope QC,Illumina NovaSeq 6000,4.702,,423.2,METAGENOMIC,231121_JARVIS_HV3HNDSX7,DBB_AAKTOSDA_2_HV3HNDSX7.UDI170,,,,,Prod_ILL_BqADN_NEBUII_151_v4,PRJEB51688,PRJEB51662,,,,batch_3,
EMOBON_ROSKOGO_Wa_220210_3um_2,EMOBON_ROSKOGO_Wa_44,,EMOBON00354,DBD_AAKY,DBB_AAKU,,metag,,PAIRED,metag,metag,metag,metag,,,,basic Genoscope QC,Illumina NovaSeq 6000,3.625,,326.3,METAGENOMIC,231121_JARVIS_HV3HNDSX7,DBB_AAKUOSDA_2_HV3HNDSX7.UDI182,,,,,Prod_ILL_BqADN_NEBUII_151_v4,PRJEB51688,PRJEB51662,,,,batch_3,
EMOBON_ROSKOGO_Wa_220210_0.2um_1,EMOBON_ROSKOGO_Wa_47,,EMOBON00355,DBD_AAKZ,DBB_AAKV,,metag,,PAIRED,metag,metag,metag,metag,,,,basic Genoscope QC,Illumina NovaSeq 6000,9.01,,883,METAGENOMIC,231121_JARVIS_HV3HNDSX7,DBB_AAKVOSDA_1_HV3HNDSX7.UDI220,,,,,Prod_ILL_BqADN_NEBUII_151_v4,PRJEB51688,PRJEB51662,,,,batch_3,
EMOBON_ROSKOGO_Wa_220210_0.2um_2,EMOBON_ROSKOGO_Wa_48,,EMOBON00356,DBD_AALA,DBB_AAKW,,metag,,PAIRED,metag,metag,metag,metag,,,,basic Genoscope QC,Illumina NovaSeq 6000,17.3,,1695.4,METAGENOMIC,231121_JARVIS_HV3HNDSX7,DBB_AAKWOSDA_1_HV3HNDSX7.UDI232,,,,,Prod_ILL_BqADN_NEBUII_151_v4,PRJEB51688,PRJEB51662,,,,batch_3,
EMOBON_ROSKOGO_Wa_220425_3um_1,EMOBON_ROSKOGO_Wa_53,,EMOBON00357,DBD_AALB,DBB_AAKX,,metag,,PAIRED,metag,metag,metag,metag,,,,basic Genoscope QC,Illumina NovaSeq 6000,7.76,,760.5,METAGENOMIC,231121_JARVIS_HV3HNDSX7,DBB_AAKXOSDA_2_HV3HNDSX7.UDI099,,,,,Prod_ILL_BqADN_NEBUII_151_v4,PRJEB51688,PRJEB51662,,,,batch_3,
EMOBON_ROSKOGO_Wa_220425_3um_2,EMOBON_ROSKOGO_Wa_54,,EMOBON00358,DBD_AALC,DBB_AAKY,,metag,,PAIRED,metag,metag,metag,metag,,,,basic Genoscope QC,Illumina NovaSeq 6000,10.02,,982,METAGENOMIC,231121_JARVIS_HV3HNDSX7,DBB_AAKYOSDA_2_HV3HNDSX7.UDI111,,,,,Prod_ILL_BqADN_NEBUII_151_v4,PRJEB51688,PRJEB51662,,,,batch_3,
EMOBON_ROSKOGO_Wa_220425_0.2um_1,EMOBON_ROSKOGO_Wa_57,,EMOBON00359,DBD_AALD,DBB_AAKZ,,metag,,PAIRED,metag,metag,metag,metag,,,,basic Genoscope QC,Illumina NovaSeq 6000,16.7,,1636.6,METAGENOMIC,231121_JARVIS_HV3HNDSX7,DBB_AAKZOSDA_1_HV3HNDSX7.UDI244,,,,,Prod_ILL_BqADN_NEBUII_151_v4,PRJEB51688,PRJEB51662,,,,batch_3,
EMOBON_ROSKOGO_Wa_220425_0.2um_2,EMOBON_ROSKOGO_Wa_58,,EMOBON00360,DBD_AALE,DBB_AALA,,metag,,PAIRED,metag,metag,metag,metag,,,,basic Genoscope QC,Illumina NovaSeq 6000,22,,2156,METAGENOMIC,231121_JARVIS_HV3HNDSX7,DBB_AALAOSDA_1_HV3HNDSX7.UDI256,,,,,Prod_ILL_BqADN_NEBUII_151_v4,PRJEB51688,PRJEB51662,,,,batch_3,
EMOBON_ROSKOGO_Wa_220607_3um_1,EMOBON_ROSKOGO_Wa_63,,EMOBON00361,DBD_AALF,DBB_AALB,,metag,,PAIRED,metag,metag,metag,metag,,,,basic Genoscope QC,Illumina NovaSeq 6000,19.75,,1935.5,METAGENOMIC,231121_JARVIS_HV3HNDSX7,DBB_AALBOSDA_2_HV3HNDSX7.UDI123,,,,,Prod_ILL_BqADN_NEBUII_151_v4,PRJEB51688,PRJEB51662,,,,batch_3,
EMOBON_ROSKOGO_Wa_220607_3um_2,EMOBON_ROSKOGO_Wa_64,,EMOBON00362,DBD_AALG,DBB_AALC,,metag,,PAIRED,metag,metag,metag,metag,,,,basic Genoscope QC,Illumina NovaSeq 6000,1.485,,145.5,METAGENOMIC,240227_JARVIS_H5YGKDSXC,DBB_AALCOSDA_1_H5YH5DSXC.UDI342,,,,,Prod_ILL_BqADN_NEBUII_151_v4,PRJEB51688,PRJEB51662,,,,batch_3,
EMOBON_ROSKOGO_Wa_220607_0.2um_1,EMOBON_ROSKOGO_Wa_67,,EMOBON00363,DBD_AALH,DBB_AALD,,metag,,PAIRED,metag,metag,metag,metag,,,,basic Genoscope QC,Illumina NovaSeq 6000,9.21,,902.6,METAGENOMIC,231121_JARVIS_HV3HNDSX7,DBB_AALDOSDA_1_HV3HNDSX7.UDI268,,,,,Prod_ILL_BqADN_NEBUII_151_v4,PRJEB51688,PRJEB51662,,,,batch_3,
EMOBON_ROSKOGO_Wa_220607_0.2um_2,EMOBON_ROSKOGO_Wa_68,,EMOBON00364,DBD_AALI,DBB_AALE,,metag,,PAIRED,metag,metag,metag,metag,,,,basic Genoscope QC,Illumina NovaSeq 6000,33.3,,3263.4,METAGENOMIC,231121_JARVIS_HV3HNDSX7,DBB_AALEOSDA_1_HV3HNDSX7.UDI280,,,,,Prod_ILL_BqADN_NEBUII_151_v4,PRJEB51688,PRJEB51662,,,,batch_3,
EMOBON_ROSKOGO_Wa_220805_3um_1,EMOBON_ROSKOGO_Wa_73,,EMOBON00365,DBD_AALJ,DBB_AALF,,metag,,PAIRED,metag,metag,metag,metag,,,,basic Genoscope QC,Illumina NovaSeq 6000,8.55,,837.9,METAGENOMIC,231121_JARVIS_HV3HNDSX7,DBB_AALFOSDA_2_HV3HNDSX7.UDI135,,,,,Prod_ILL_BqADN_NEBUII_151_v4,PRJEB51688,PRJEB51662,,,,batch_3,
EMOBON_ROSKOGO_Wa_220805_3um_2,EMOBON_ROSKOGO_Wa_74,,EMOBON00366,DBD_AALK,DBB_AALG,,metag,,PAIRED,metag,metag,metag,metag,,,,basic Genoscope QC,Illumina NovaSeq 6000,11.05,,1082.9,METAGENOMIC,231121_JARVIS_HV3HNDSX7,DBB_AALGOSDA_2_HV3HNDSX7.UDI147,,,,,Prod_ILL_BqADN_NEBUII_151_v4,PRJEB51688,PRJEB51662,,,,batch_3,
EMOBON_ROSKOGO_Wa_220805_0.2um_1,EMOBON_ROSKOGO_Wa_77,,EMOBON00367,DBD_AALL,DBB_AALH,,metag,,PAIRED,metag,metag,metag,metag,,,,basic Genoscope QC,Illumina NovaSeq 6000,37.5,,3337.5,METAGENOMIC,231121_JARVIS_HV3HNDSX7,DBB_AALHOSDA_1_HV3HNDSX7.UDI197,,,,,Prod_ILL_BqADN_NEBUII_151_v4,PRJEB51688,PRJEB51662,,,,batch_3,
EMOBON_ROSKOGO_Wa_220805_0.2um_2,EMOBON_ROSKOGO_Wa_78,,EMOBON00368,DBD_AALM,DBB_AALI,,metag,,PAIRED,metag,metag,metag,metag,,,,basic Genoscope QC,Illumina NovaSeq 6000,40.5,,3888,METAGENOMIC,231121_JARVIS_HV3HNDSX7,DBB_AALIOSDA_1_HV3HNDSX7.UDI209,,,,,Prod_ILL_BqADN_NEBUII_151_v4,PRJEB51688,PRJEB51662,,,,batch_3,
EMOBON_ROSKOGO_So_220303_micro_1,EMOBON_ROSKOGO_So_26,,EMOBON00369,DBG_AABR,DBH_AABS,,metag,,PAIRED,metag,metag,metag,metag,,,,basic Genoscope QC,Illumina NovaSeq 6000,24.1,,2048.5,METAGENOMIC,231121_JARVIS_HV3HNDSX7,DBH_AABSOSDA_2_HJWK3DSX7.UDI001,,,,,Prod_ILL_BqADN_NEBUII_151_v4,PRJEB51688,PRJEB51662,,,,batch_3,
EMOBON_ROSKOGO_So_220303_micro_2,EMOBON_ROSKOGO_So_27,,EMOBON00370,DBG_AABS,DBH_AABU,,metag,,PAIRED,metag,metag,metag,metag,,,,basic Genoscope QC,Illumina NovaSeq 6000,17.1,,1504.8,METAGENOMIC,231121_JARVIS_HV3HNDSX7,DBH_AABUOSDA_2_HJWK3DSX7.UDI025,,,,,Prod_ILL_BqADN_NEBUII_151_v4,PRJEB51688,PRJEB51662,,,,batch_3,
EMOBON_ROSKOGO_So_220425_micro_1,EMOBON_ROSKOGO_So_35,,EMOBON00371,DBG_AABT,DBH_AABV,,metag,,PAIRED,metag,metag,metag,metag,,,,basic Genoscope QC,Illumina NovaSeq 6000,4.38,,385.4,METAGENOMIC,231121_JARVIS_HV3HNDSX7,DBH_AABVOSDA_2_HJWK3DSX7.UDI037,,,,,Prod_ILL_BqADN_NEBUII_151_v4,PRJEB51688,PRJEB51662,,,,batch_3,
EMOBON_ROSKOGO_So_220425_micro_2,EMOBON_ROSKOGO_So_36,,EMOBON00372,DBG_AABU,DBH_AABW,,metag,,PAIRED,metag,metag,metag,metag,,,,basic Genoscope QC,Illumina NovaSeq 6000,20.35,,1526.3,METAGENOMIC,231121_JARVIS_HV3HNDSX7,DBH_AABWOSDA_2_HJWK3DSX7.UDI049,,,,,Prod_ILL_BqADN_NEBUII_151_v4,PRJEB51688,PRJEB51662,,,,batch_3,
EMOBON_ROSKOGO_So_220623_micro_1,EMOBON_ROSKOGO_So_44,,EMOBON00373,DBG_AABV,DBH_AABT,,metag,,PAIRED,metag,metag,metag,metag,,,,basic Genoscope QC,Illumina NovaSeq 6000,10.55,,907.3,METAGENOMIC,231121_JARVIS_HV3HNDSX7,DBH_AABTOSDA_2_HJWK3DSX7.UDI013,,,,,Prod_ILL_BqADN_NEBUII_151_v4,PRJEB51688,PRJEB51662,,,,batch_3,
EMOBON_ROSKOGO_So_220623_micro_2,EMOBON_ROSKOGO_So_45,,EMOBON00374,DBG_AABW,DBH_AABX,,metag,,PAIRED,metag,metag,metag,metag,,,,basic Genoscope QC,Illumina NovaSeq 6000,21.9,,1817.7,METAGENOMIC,231121_JARVIS_HV3HNDSX7,DBH_AABXOSDA_2_HJWK3DSX7.UDI061,,,,,Prod_ILL_BqADN_NEBUII_151_v4,PRJEB51688,PRJEB51662,,,,batch_3,
EMOBON_ESC68N_Wa_220209_3um_1,EMOBON_ESC68N_Wa_31,,EMOBON00375,,,,metag,,PAIRED,metag,metag,metag,metag,,,,basic Genoscope QC,Illumina NovaSeq 6000,,,,METAGENOMIC,,,,,,,Prod_ILL_BqADN_NEBUII_151_v4,PRJEB51688,PRJEB51654,,,,batch_3,failed; not enough DNA
EMOBON_ESC68N_Wa_220209_3um_2,EMOBON_ESC68N_Wa_32,,EMOBON00376,,,,metag,,PAIRED,metag,metag,metag,metag,,,,basic Genoscope QC,Illumina NovaSeq 6000,,,,METAGENOMIC,,,,,,,Prod_ILL_BqADN_NEBUII_151_v4,PRJEB51688,PRJEB51654,,,,batch_3,failed; not enough DNA
EMOBON_ESC68N_Wa_220209_0.2um_1,EMOBON_ESC68N_Wa_33,,EMOBON00377,,,,metag,,PAIRED,metag,metag,metag,metag,,,,basic Genoscope QC,Illumina NovaSeq 6000,,,,METAGENOMIC,,,,,,,Prod_ILL_BqADN_NEBUII_151_v4,PRJEB51688,PRJEB51654,,,,batch_3,failed; not enough DNA
EMOBON_ESC68N_Wa_220209_0.2um_2,EMOBON_ESC68N_Wa_34,,EMOBON00378,,,,metag,,PAIRED,metag,metag,metag,metag,,,,basic Genoscope QC,Illumina NovaSeq 6000,,,,METAGENOMIC,,,,,,,Prod_ILL_BqADN_NEBUII_151_v4,PRJEB51688,PRJEB51654,,,,batch_3,failed; not enough DNA
EMOBON_ESC68N_Wa_220505_3um_1,EMOBON_ESC68N_Wa_41,,EMOBON00379,,,,metag,,PAIRED,metag,metag,metag,metag,,,,basic Genoscope QC,Illumina NovaSeq 6000,,,,METAGENOMIC,,,,,,,Prod_ILL_BqADN_NEBUII_151_v4,PRJEB51688,PRJEB51654,,,,batch_3,failed; not enough DNA
EMOBON_ESC68N_Wa_220505_3um_2,EMOBON_ESC68N_Wa_42,,EMOBON00380,,,,metag,,PAIRED,metag,metag,metag,metag,,,,basic Genoscope QC,Illumina NovaSeq 6000,,,,METAGENOMIC,,,,,,,Prod_ILL_BqADN_NEBUII_151_v4,PRJEB51688,PRJEB51654,,,,batch_3,failed; not enough DNA
EMOBON_ESC68N_Wa_220505_0.2um_1,EMOBON_ESC68N_Wa_43,,EMOBON00381,,,,metag,,PAIRED,metag,metag,metag,metag,,,,basic Genoscope QC,Illumina NovaSeq 6000,,,,METAGENOMIC,,,,,,,Prod_ILL_BqADN_NEBUII_151_v4,PRJEB51688,PRJEB51654,,,,batch_3,failed; not enough DNA
EMOBON_ESC68N_Wa_220505_0.2um_2,EMOBON_ESC68N_Wa_44,,EMOBON00382,,,,metag,,PAIRED,metag,metag,metag,metag,,,,basic Genoscope QC,Illumina NovaSeq 6000,,,,METAGENOMIC,,,,,,,Prod_ILL_BqADN_NEBUII_151_v4,PRJEB51688,PRJEB51654,,,,batch_3,failed; not enough DNA
EMOBON_ESC68N_Wa_220614_3um_1,EMOBON_ESC68N_Wa_51,,EMOBON00383,,,,metag,,PAIRED,metag,metag,metag,metag,,,,basic Genoscope QC,Illumina NovaSeq 6000,,,,METAGENOMIC,,,,,,,Prod_ILL_BqADN_NEBUII_151_v4,PRJEB51688,PRJEB51654,,,,batch_3,failed; not enough DNA
EMOBON_ESC68N_Wa_220614_3um_2,EMOBON_ESC68N_Wa_52,,EMOBON00384,,,,metag,,PAIRED,metag,metag,metag,metag,,,,basic Genoscope QC,Illumina NovaSeq 6000,,,,METAGENOMIC,,,,,,,Prod_ILL_BqADN_NEBUII_151_v4,PRJEB51688,PRJEB51654,,,,batch_3,failed; not enough DNA
EMOBON_ESC68N_Wa_220614_0.2um_1,EMOBON_ESC68N_Wa_53,,EMOBON00385,,,,metag,,PAIRED,metag,metag,metag,metag,,,,basic Genoscope QC,Illumina NovaSeq 6000,,,,METAGENOMIC,,,,,,,Prod_ILL_BqADN_NEBUII_151_v4,PRJEB51688,PRJEB51654,,,,batch_3,failed; not enough DNA
EMOBON_ESC68N_Wa_220614_0.2um_2,EMOBON_ESC68N_Wa_54,,EMOBON00386,,,,metag,,PAIRED,metag,metag,metag,metag,,,,basic Genoscope QC,Illumina NovaSeq 6000,,,,METAGENOMIC,,,,,,,Prod_ILL_BqADN_NEBUII_151_v4,PRJEB51688,PRJEB51654,,,,batch_3,failed; not enough DNA
EMOBON_ESC68N_Wa_220824_3um_1,EMOBON_ESC68N_Wa_61,,EMOBON00387,DBD_AALZ,DBB_AALV,,metag,,PAIRED,metag,metag,metag,metag,,,,basic Genoscope QC,Illumina NovaSeq 6000,1.41,,138.2,METAGENOMIC,240227_JARVIS_H5YGKDSXC,DBB_AALVOSDA_1_H5YH5DSXC.UDI343,,,,,Prod_ILL_BqADN_NEBUII_151_v4,PRJEB51688,PRJEB51654,,,,batch_3,
EMOBON_ESC68N_Wa_220824_3um_2,EMOBON_ESC68N_Wa_62,,EMOBON00388,DBD_AAMA,DBB_AALW,,metag,,PAIRED,metag,metag,metag,metag,,,,basic Genoscope QC,Illumina NovaSeq 6000,7.6,,744.8,METAGENOMIC,231121_JARVIS_HV3HNDSX7,DBB_AALWOSDA_2_HV3HNDSX7.UDI159,,,,,Prod_ILL_BqADN_NEBUII_151_v4,PRJEB51688,PRJEB51654,,,,batch_3,
EMOBON_ESC68N_Wa_220824_0.2um_1,EMOBON_ESC68N_Wa_63,,EMOBON00389,DBD_AAMB,DBB_AALX,,metag,,PAIRED,metag,metag,metag,metag,,,,basic Genoscope QC,Illumina NovaSeq 6000,9.57,,937.9,METAGENOMIC,231121_JARVIS_HV3HNDSX7,DBB_AALXOSDA_1_HV3HNDSX7.UDI221,,,,,Prod_ILL_BqADN_NEBUII_151_v4,PRJEB51688,PRJEB51654,,,,batch_3,
EMOBON_ESC68N_Wa_220824_0.2um_2,EMOBON_ESC68N_Wa_64,,EMOBON00390,DBD_AAMC,DBB_AALY,,metag,,PAIRED,metag,metag,metag,metag,,,,basic Genoscope QC,Illumina NovaSeq 6000,12.9,,1264.2,METAGENOMIC,231121_JARVIS_HV3HNDSX7,DBB_AALYOSDA_1_HV3HNDSX7.UDI233,,,,,Prod_ILL_BqADN_NEBUII_151_v4,PRJEB51688,PRJEB51654,,,,batch_3,
EMOBON_PiEGetxo_Wa_220221_3um_1,EMOBON_PiEGetxo_Wa_60,,EMOBON00391,DBD_AAMD,DBB_AALZ,,metag,,PAIRED,metag,metag,metag,metag,,,,basic Genoscope QC,Illumina NovaSeq 6000,9.92,,972.2,METAGENOMIC,231121_JARVIS_HV3HNDSX7,DBB_AALZOSDA_2_HV3HNDSX7.UDI171,,,,,Prod_ILL_BqADN_NEBUII_151_v4,PRJEB51688,PRJEB51660,,,,batch_3,
EMOBON_PiEGetxo_Wa_220221_3um_2,EMOBON_PiEGetxo_Wa_61,,EMOBON00392,DBD_AAME,DBB_AAMA,,metag,,PAIRED,metag,metag,metag,metag,,,,basic Genoscope QC,Illumina NovaSeq 6000,14.05,,1376.9,METAGENOMIC,231121_JARVIS_HV3HNDSX7,DBB_AAMAOSDA_2_HV3HNDSX7.UDI183,,,,,Prod_ILL_BqADN_NEBUII_151_v4,PRJEB51688,PRJEB51660,,,,batch_3,
EMOBON_PiEGetxo_Wa_220221_0.2um_1,EMOBON_PiEGetxo_Wa_62,,EMOBON00393,DBD_AAMF,DBB_AAMB,,metag,,PAIRED,metag,metag,metag,metag,,,,basic Genoscope QC,Illumina NovaSeq 6000,11.1,,1087.8,METAGENOMIC,231121_JARVIS_HV3HNDSX7,DBB_AAMBOSDA_1_HV3HNDSX7.UDI245,,,,,Prod_ILL_BqADN_NEBUII_151_v4,PRJEB51688,PRJEB51660,,,,batch_3,
EMOBON_PiEGetxo_Wa_220221_0.2um_2,EMOBON_PiEGetxo_Wa_63,,EMOBON00394,DBD_AAMG,DBB_AAMC,,metag,,PAIRED,metag,metag,metag,metag,,,,basic Genoscope QC,Illumina NovaSeq 6000,11.2,,1097.6,METAGENOMIC,231121_JARVIS_HV3HNDSX7,DBB_AAMCOSDA_1_HV3HNDSX7.UDI257,,,,,Prod_ILL_BqADN_NEBUII_151_v4,PRJEB51688,PRJEB51660,,,,batch_3,
EMOBON_PiEGetxo_Wa_220425_3um_1,EMOBON_PiEGetxo_Wa_72,,EMOBON00395,DBD_AAMH,DBB_AAMD,,metag,,PAIRED,metag,metag,metag,metag,,,,basic Genoscope QC,Illumina NovaSeq 6000,17.8,,1744.4,METAGENOMIC,231121_JARVIS_HV3HNDSX7,DBB_AAMDOSDA_2_HV3HNDSX7.UDI100,,,,,Prod_ILL_BqADN_NEBUII_151_v4,PRJEB51688,PRJEB51660,,,,batch_3,
EMOBON_PiEGetxo_Wa_220425_3um_2,EMOBON_PiEGetxo_Wa_73,,EMOBON00396,DBD_AAMI,DBB_AAME,,metag,,PAIRED,metag,metag,metag,metag,,,,basic Genoscope QC,Illumina NovaSeq 6000,15.75,,1543.5,METAGENOMIC,231121_JARVIS_HV3HNDSX7,DBB_AAMEOSDA_2_HV3HNDSX7.UDI112,,,,,Prod_ILL_BqADN_NEBUII_151_v4,PRJEB51688,PRJEB51660,,,,batch_3,
EMOBON_PiEGetxo_Wa_220425_0.2um_1,EMOBON_PiEGetxo_Wa_74,,EMOBON00397,DBD_AAMJ,DBB_AAMF,,metag,,PAIRED,metag,metag,metag,metag,,,,basic Genoscope QC,Illumina NovaSeq 6000,1.78,,170.9,METAGENOMIC,240227_JARVIS_H5YGKDSXC,DBB_AAMFOSDA_3_H5YGKDSXC.UDI344,,,,,Prod_ILL_BqADN_NEBUII_151_v4,PRJEB51688,PRJEB51660,,,,batch_3,
EMOBON_PiEGetxo_Wa_220425_0.2um_2,EMOBON_PiEGetxo_Wa_75,,EMOBON00398,DBD_AAMK,DBB_AAMG,,metag,,PAIRED,metag,metag,metag,metag,,,,basic Genoscope QC,Illumina NovaSeq 6000,2.84,,281.2,METAGENOMIC,240227_JARVIS_H5YGKDSXC,DBB_AAMGOSDA_3_H5YGKDSXC.UDI345,,,,,Prod_ILL_BqADN_NEBUII_151_v4,PRJEB51688,PRJEB51660,,,,batch_3,
EMOBON_PiEGetxo_Wa_220425_3um_blank,EMOBON_PiEGetxo_Wa_76,,EMOBON00399,,,,metag,,PAIRED,metag,metag,metag,metag,,,,basic Genoscope QC,Illumina NovaSeq 6000,,,,METAGENOMIC,,,,,,,Prod_ILL_BqADN_NEBUII_151_v4,PRJEB51688,PRJEB51660,,,,batch_3,blank; not MetaG-sequenced
EMOBON_PiEGetxo_Wa_220425_0.2um_blank,EMOBON_PiEGetxo_Wa_77,,EMOBON00400,,,,metag,,PAIRED,metag,metag,metag,metag,,,,basic Genoscope QC,Illumina NovaSeq 6000,,,,METAGENOMIC,,,,,,,Prod_ILL_BqADN_NEBUII_151_v4,PRJEB51688,PRJEB51660,,,,batch_3,blank; not MetaG-sequenced
EMOBON_PiEGetxo_Wa_220622_3um_1,EMOBON_PiEGetxo_Wa_84,,EMOBON00401,DBD_AAML,DBB_AAMH,,metag,,PAIRED,metag,metag,metag,metag,,,,basic Genoscope QC,Illumina NovaSeq 6000,59.4,,5346,METAGENOMIC,231121_JARVIS_HV3HNDSX7,DBB_AAMHOSDA_2_HV3HNDSX7.UDI124,,,,,Prod_ILL_BqADN_NEBUII_151_v4,PRJEB51688,PRJEB51660,,,,batch_3,
EMOBON_PiEGetxo_Wa_220622_3um_2,EMOBON_PiEGetxo_Wa_85,,EMOBON00402,DBD_AAMM,DBB_AAMI,,metag,,PAIRED,metag,metag,metag,metag,,,,basic Genoscope QC,Illumina NovaSeq 6000,59.2,,5328,METAGENOMIC,231121_JARVIS_HV3HNDSX7,DBB_AAMIOSDA_2_HV3HNDSX7.UDI136,,,,,Prod_ILL_BqADN_NEBUII_151_v4,PRJEB51688,PRJEB51660,,,,batch_3,
EMOBON_PiEGetxo_Wa_220622_0.2um_1,EMOBON_PiEGetxo_Wa_86,,EMOBON00403,DBD_AAMN,DBB_AAMJ,,metag,,PAIRED,metag,metag,metag,metag,,,,basic Genoscope QC,Illumina NovaSeq 6000,46.8,,4586.4,METAGENOMIC,231121_JARVIS_HV3HNDSX7,DBB_AAMJOSDA_1_HV3HNDSX7.UDI269,,,,,Prod_ILL_BqADN_NEBUII_151_v4,PRJEB51688,PRJEB51660,,,,batch_3,
EMOBON_PiEGetxo_Wa_220622_0.2um_2,EMOBON_PiEGetxo_Wa_87,,EMOBON00404,DBD_AAMO,DBB_AAMK,,metag,,PAIRED,metag,metag,metag,metag,,,,basic Genoscope QC,Illumina NovaSeq 6000,32.14,,3149.7,METAGENOMIC,231121_JARVIS_HV3HNDSX7,DBB_AAMKOSDA_1_HV3HNDSX7.UDI281,,,,,Prod_ILL_BqADN_NEBUII_151_v4,PRJEB51688,PRJEB51660,,,,batch_3,
EMOBON_PiEGetxo_Wa_220823_3um_1,EMOBON_PiEGetxo_Wa_96,,EMOBON00405,DBD_AAMP,DBB_AAML,,metag,,PAIRED,metag,metag,metag,metag,,,,basic Genoscope QC,Illumina NovaSeq 6000,53.7,,5101.5,METAGENOMIC,231121_JARVIS_HV3HNDSX7,DBB_AAMLOSDA_2_HV3HNDSX7.UDI148,,,,,Prod_ILL_BqADN_NEBUII_151_v4,PRJEB51688,PRJEB51660,,,,batch_3,
EMOBON_PiEGetxo_Wa_220823_3um_2,EMOBON_PiEGetxo_Wa_97,,EMOBON00406,DBD_AAMQ,DBB_AAMM,,metag,,PAIRED,metag,metag,metag,metag,,,,basic Genoscope QC,Illumina NovaSeq 6000,79.4,,7543,METAGENOMIC,231121_JARVIS_HV3HNDSX7,DBB_AAMMOSDA_2_HV3HNDSX7.UDI160,,,,,Prod_ILL_BqADN_NEBUII_151_v4,PRJEB51688,PRJEB51660,,,,batch_3,
EMOBON_PiEGetxo_Wa_220823_0.2um_1,EMOBON_PiEGetxo_Wa_98,,EMOBON00407,DBD_AAMR,DBB_AAMN,,metag,,PAIRED,metag,metag,metag,metag,,,,basic Genoscope QC,Illumina NovaSeq 6000,44.5,,4094,METAGENOMIC,231121_JARVIS_HV3HNDSX7,DBB_AAMNOSDA_1_HV3HNDSX7.UDI198,,,,,Prod_ILL_BqADN_NEBUII_151_v4,PRJEB51688,PRJEB51660,,,,batch_3,
EMOBON_PiEGetxo_Wa_220823_0.2um_2,EMOBON_PiEGetxo_Wa_99,,EMOBON00408,DBD_AAMS,DBB_AAMO,,metag,,PAIRED,metag,metag,metag,metag,,,,basic Genoscope QC,Illumina NovaSeq 6000,47,,4653,METAGENOMIC,231121_JARVIS_HV3HNDSX7,DBB_AAMOOSDA_1_HW7YYDSX7.UDI210,,,,,Prod_ILL_BqADN_NEBUII_151_v4,PRJEB51688,PRJEB51660,,,,batch_3,
EMOBON_RFormosa_Wa_220224_3um_1,EMOBON_RFormosa_Wa_31,,EMOBON00409,DBD_AAMT,DBB_AAMP,,metag,,PAIRED,metag,metag,metag,metag,,,,basic Genoscope QC,Illumina NovaSeq 6000,984,,97.4,METAGENOMIC,240227_JARVIS_H5YGKDSXC,DBB_AAMPOSDA_1_H5YH5DSXC.UDI309,,,,,Prod_ILL_BqADN_NEBUII_151_v4,PRJEB51688,PRJEB51661,,,,batch_3,
EMOBON_RFormosa_Wa_220224_3um_2,EMOBON_RFormosa_Wa_32,,EMOBON00410,DBD_AAMU,DBB_AAMQ,,metag,,PAIRED,metag,metag,metag,metag,,,,basic Genoscope QC,Illumina NovaSeq 6000,1.245,,123.3,METAGENOMIC,240227_JARVIS_H5YGKDSXC,DBB_AAMQOSDA_1_H5YH5DSXC.UDI346,,,,,Prod_ILL_BqADN_NEBUII_151_v4,PRJEB51688,PRJEB51661,,,,batch_3,
EMOBON_RFormosa_Wa_220224_0.2um_1,EMOBON_RFormosa_Wa_35,,EMOBON00411,DBD_AAMV,DBB_AAMR,,metag,,PAIRED,metag,metag,metag,metag,,,,basic Genoscope QC,Illumina NovaSeq 6000,35.14,,3338.3,METAGENOMIC,231121_JARVIS_HV3HNDSX7,DBB_AAMROSDA_1_HW7YYDSX7.UDI222,,,,,Prod_ILL_BqADN_NEBUII_151_v4,PRJEB51688,PRJEB51661,,,,batch_3,
EMOBON_RFormosa_Wa_220224_0.2um_2,EMOBON_RFormosa_Wa_36,,EMOBON00412,DBD_AAMW,DBB_AAMS,,metag,,PAIRED,metag,metag,metag,metag,,,,basic Genoscope QC,Illumina NovaSeq 6000,25.9,,2512.3,METAGENOMIC,231121_JARVIS_HV3HNDSX7,DBB_AAMSOSDA_1_HW7YYDSX7.UDI234,,,,,Prod_ILL_BqADN_NEBUII_151_v4,PRJEB51688,PRJEB51661,,,,batch_3,
EMOBON_RFormosa_Wa_220428_3um_1,EMOBON_RFormosa_Wa_41,,EMOBON00413,DBD_AAMX,DBB_AAMT,,metag,,PAIRED,metag,metag,metag,metag,,,,basic Genoscope QC,Illumina NovaSeq 6000,4.7,,479.4,METAGENOMIC,231121_JARVIS_HV3HNDSX7,DBB_AAMTOSDA_2_HV3HNDSX7.UDI172,,,,,Prod_ILL_BqADN_NEBUII_151_v4,PRJEB51688,PRJEB51661,,,,batch_3,
EMOBON_RFormosa_Wa_2200428_3um_2,EMOBON_RFormosa_Wa_42,,EMOBON00414,DBD_AAMY,DBB_AAMU,,metag,,PAIRED,metag,metag,metag,metag,,,,basic Genoscope QC,Illumina NovaSeq 6000,3.73,,358.1,METAGENOMIC,231121_JARVIS_HV3HNDSX7,DBB_AAMUOSDA_2_HV3HNDSX7.UDI184,,,,,Prod_ILL_BqADN_NEBUII_151_v4,PRJEB51688,PRJEB51661,,,,batch_3,
EMOBON_RFormosa_Wa_2200428_0.2um_1,EMOBON_RFormosa_Wa_45,,EMOBON00415,DBD_AAMZ,DBB_AAMV,,metag,,PAIRED,metag,metag,metag,metag,,,,basic Genoscope QC,Illumina NovaSeq 6000,41.82,,3931.1,METAGENOMIC,231121_JARVIS_HV3HNDSX7,DBB_AAMVOSDA_1_HW7YYDSX7.UDI246,,,,,Prod_ILL_BqADN_NEBUII_151_v4,PRJEB51688,PRJEB51661,,,,batch_3,
EMOBON_RFormosa_Wa_220428_0.2um_2,EMOBON_RFormosa_Wa_46,,EMOBON00416,DBD_AANA,DBB_AAMW,,metag,,PAIRED,metag,metag,metag,metag,,,,basic Genoscope QC,Illumina NovaSeq 6000,33.24,,3191,METAGENOMIC,231121_JARVIS_HV3HNDSX7,DBB_AAMWOSDA_1_HW7YYDSX7.UDI258,,,,,Prod_ILL_BqADN_NEBUII_151_v4,PRJEB51688,PRJEB51661,,,,batch_3,
EMOBON_RFormosa_Wa_220629_3um_1,EMOBON_RFormosa_Wa_51,,EMOBON00417,DBD_AANB,DBB_AAMX,,metag,,PAIRED,metag,metag,metag,metag,,,,basic Genoscope QC,Illumina NovaSeq 6000,8.31,,797.8,METAGENOMIC,231121_JARVIS_HV3HNDSX7,DBB_AAMXOSDA_2_HV3HNDSX7.UDI101,,,,,Prod_ILL_BqADN_NEBUII_151_v4,PRJEB51688,PRJEB51661,,,,batch_3,
EMOBON_RFormosa_Wa_220629_3um_2,EMOBON_RFormosa_Wa_52,,EMOBON00418,DBD_AANC,DBB_AAMY,,metag,,PAIRED,metag,metag,metag,metag,,,,basic Genoscope QC,Illumina NovaSeq 6000,3.73,,358.1,METAGENOMIC,231121_JARVIS_HV3HNDSX7,DBB_AAMYOSDA_2_HV3HNDSX7.UDI113,,,,,Prod_ILL_BqADN_NEBUII_151_v4,PRJEB51688,PRJEB51661,,,,batch_3,
EMOBON_RFormosa_Wa_220629_0.2um_1,EMOBON_RFormosa_Wa_55,,EMOBON00419,DBD_AAND,DBB_AAMZ,,metag,,PAIRED,metag,metag,metag,metag,,,,basic Genoscope QC,Illumina NovaSeq 6000,33.45,,3044,METAGENOMIC,231121_JARVIS_HV3HNDSX7,DBB_AAMZOSDA_1_HW7YYDSX7.UDI270,,,,,Prod_ILL_BqADN_NEBUII_151_v4,PRJEB51688,PRJEB51661,,,,batch_3,
EMOBON_RFormosa_Wa_220629_0.2um_2,EMOBON_RFormosa_Wa_56,,EMOBON00420,DBD_AANE,DBB_AANA,,metag,,PAIRED,metag,metag,metag,metag,,,,basic Genoscope QC,Illumina NovaSeq 6000,49.15,,4472.7,METAGENOMIC,231121_JARVIS_HV3HNDSX7,DBB_AANAOSDA_1_HW7YYDSX7.UDI282,,,,,Prod_ILL_BqADN_NEBUII_151_v4,PRJEB51688,PRJEB51661,,,,batch_3,
EMOBON_RFormosa_Wa_2200909_3um_1,EMOBON_RFormosa_Wa_61,,EMOBON00421,DBD_AANF,DBB_AANB,,metag,,PAIRED,metag,metag,metag,metag,,,,basic Genoscope QC,Illumina NovaSeq 6000,4.55,,445.9,METAGENOMIC,231121_JARVIS_HV3HNDSX7,DBB_AANBOSDA_2_HV3HNDSX7.UDI125,,,,,Prod_ILL_BqADN_NEBUII_151_v4,PRJEB51688,PRJEB51661,,,,batch_3,
EMOBON_RFormosa_Wa_2200909_3um_2,EMOBON_RFormosa_Wa_62,,EMOBON00422,DBD_AANG,DBB_AANC,,metag,,PAIRED,metag,metag,metag,metag,,,,basic Genoscope QC,Illumina NovaSeq 6000,3.53,,345.9,METAGENOMIC,231121_JARVIS_HV3HNDSX7,DBB_AANCOSDA_2_HV3HNDSX7.UDI137,,,,,Prod_ILL_BqADN_NEBUII_151_v4,PRJEB51688,PRJEB51661,,,,batch_3,
EMOBON_RFormosa_Wa_220909_0.2um_1,EMOBON_RFormosa_Wa_65,,EMOBON00423,DBD_AANH,DBB_AAND,,metag,,PAIRED,metag,metag,metag,metag,,,,basic Genoscope QC,Illumina NovaSeq 6000,30.33,,2851,METAGENOMIC,231121_JARVIS_HV3HNDSX7,DBB_AANDOSDA_1_HW7YYDSX7.UDI199,,,,,Prod_ILL_BqADN_NEBUII_151_v4,PRJEB51688,PRJEB51661,,,,batch_3,
EMOBON_RFormosa_Wa_220909_0.2um_2,EMOBON_RFormosa_Wa_66,,EMOBON00424,DBD_AANI,DBB_AANE,,metag,,PAIRED,metag,metag,metag,metag,,,,basic Genoscope QC,Illumina NovaSeq 6000,34.15,,3210.1,METAGENOMIC,231121_JARVIS_HV3HNDSX7,DBB_AANEOSDA_1_HW7YYDSX7.UDI211,,,,,Prod_ILL_BqADN_NEBUII_151_v4,PRJEB51688,PRJEB51661,,,,batch_3,
EMOBON_RFormosa_So_220224_micro_1,EMOBON_RFormosa_So_16,,EMOBON00425,DBG_AABX,DBH_AABY,,metag,,PAIRED,metag,metag,metag,metag,,,,basic Genoscope QC,Illumina NovaSeq 6000,15.25,,1647,METAGENOMIC,231121_JARVIS_HV3HNDSX7,DBH_AABYOSDA_2_HJWK3DSX7.UDI073,,,,,Prod_ILL_BqADN_NEBUII_151_v4,PRJEB51688,PRJEB51661,,,,batch_3,
EMOBON_RFormosa_So_220224_micro_2,EMOBON_RFormosa_So_17,,EMOBON00426,DBG_AABY,DBH_AABZ,,metag,,PAIRED,metag,metag,metag,metag,,,,basic Genoscope QC,Illumina NovaSeq 6000,9.84,,1141.4,METAGENOMIC,231121_JARVIS_HV3HNDSX7,DBH_AABZOSDA_2_HJWK3DSX7.UDI085,,,,,Prod_ILL_BqADN_NEBUII_151_v4,PRJEB51688,PRJEB51661,,,,batch_3,
EMOBON_RFormosa_So_220428_micro_1,EMOBON_RFormosa_So_21,,EMOBON00427,DBG_AABZ,DBH_AACD,,metag,,PAIRED,metag,metag,metag,metag,,,,basic Genoscope QC,Illumina NovaSeq 6000,8.7,,913.5,METAGENOMIC,231121_JARVIS_HV3HNDSX7,DBH_AACDOSDA_2_HJWK3DSX7.UDI038,,,,,Prod_ILL_BqADN_NEBUII_151_v4,PRJEB51688,PRJEB51661,,,,batch_3,
EMOBON_RFormosa_So_220428_micro_2,EMOBON_RFormosa_So_22,,EMOBON00428,DBG_AACA,DBH_AACE,,metag,,PAIRED,metag,metag,metag,metag,,,,basic Genoscope QC,Illumina NovaSeq 6000,5.87,,616.3,METAGENOMIC,231121_JARVIS_HV3HNDSX7,DBH_AACEOSDA_2_HJWK3DSX7.UDI050,,,,,Prod_ILL_BqADN_NEBUII_151_v4,PRJEB51688,PRJEB51661,,,,batch_3,
EMOBON_RFormosa_So_220629_micro_1,EMOBON_RFormosa_So_26,,EMOBON00429,DBG_AACB,DBH_AACF,,metag,,PAIRED,metag,metag,metag,metag,,,,basic Genoscope QC,Illumina NovaSeq 6000,7.17,,752.9,METAGENOMIC,231121_JARVIS_HV3HNDSX7,DBH_AACFOSDA_2_HJWK3DSX7.UDI062,,,,,Prod_ILL_BqADN_NEBUII_151_v4,PRJEB51688,PRJEB51661,,,,batch_3,
EMOBON_RFormosa_So_220629_micro_2,EMOBON_RFormosa_So_27,,EMOBON00430,DBG_AACC,DBH_AACA,,metag,,PAIRED,metag,metag,metag,metag,,,,basic Genoscope QC,Illumina NovaSeq 6000,5.78,,485.5,METAGENOMIC,231121_JARVIS_HV3HNDSX7,DBH_AACAOSDA_2_HJWK3DSX7.UDI002,,,,,Prod_ILL_BqADN_NEBUII_151_v4,PRJEB51688,PRJEB51661,,,,batch_3,
EMOBON_RFormosa_So_220909_micro_1,EMOBON_RFormosa_So_31,,EMOBON00431,DBG_AACD,DBH_AACB,,metag,,PAIRED,metag,metag,metag,metag,,,,basic Genoscope QC,Illumina NovaSeq 6000,46.2,,3603.6,METAGENOMIC,231121_JARVIS_HV3HNDSX7,DBH_AACBOSDA_2_HJWK3DSX7.UDI014,,,,,Prod_ILL_BqADN_NEBUII_151_v4,PRJEB51688,PRJEB51661,,,,batch_3,
EMOBON_RFormosa_So_220909_micro_2,EMOBON_RFormosa_So_32,,EMOBON00432,DBG_AACE,DBH_AACC,,metag,,PAIRED,metag,metag,metag,metag,,,,basic Genoscope QC,Illumina NovaSeq 6000,38.8,,3414.4,METAGENOMIC,231121_JARVIS_HV3HNDSX7,DBH_AACCOSDA_2_HJWK3DSX7.UDI026,,,,,Prod_ILL_BqADN_NEBUII_151_v4,PRJEB51688,PRJEB51661,,,,batch_3,
EMOBON_NRMCB_Wa_220302_3um_1,EMOBON_NRMCB_Wa_83,,EMOBON00433,DBD_AANJ,DBB_AANF,,metag,,PAIRED,metag,metag,metag,metag,,,,basic Genoscope QC,Illumina NovaSeq 6000,3.09,,296.6,METAGENOMIC,231121_JARVIS_HV3HNDSX7,DBB_AANFOSDA_2_HV3HNDSX7.UDI149,,,,,Prod_ILL_BqADN_NEBUII_151_v4,PRJEB51688,PRJEB51658,,,,batch_3,
EMOBON_NRMCB_Wa_220302_3um_2,EMOBON_NRMCB_Wa_84,,EMOBON00434,DBD_AANK,DBB_AANG,,metag,,PAIRED,metag,metag,metag,metag,,,,basic Genoscope QC,Illumina NovaSeq 6000,1.81,,177.4,METAGENOMIC,240227_JARVIS_H5YGKDSXC,DBB_AANGOSDA_1_H5YH5DSXC.UDI347,,,,,Prod_ILL_BqADN_NEBUII_151_v4,PRJEB51688,PRJEB51658,,,,batch_3,
EMOBON_NRMCB_Wa_220302_0.2um_1,EMOBON_NRMCB_Wa_88,,EMOBON00435,DBD_AANL,DBB_AANH,,metag,,PAIRED,metag,metag,metag,metag,,,,basic Genoscope QC,Illumina NovaSeq 6000,12.95,,1269.1,METAGENOMIC,231121_JARVIS_HV3HNDSX7,DBB_AANHOSDA_1_HW7YYDSX7.UDI223,,,,,Prod_ILL_BqADN_NEBUII_151_v4,PRJEB51688,PRJEB51658,,,,batch_3,
EMOBON_NRMCB_Wa_220302_0.2um_2,EMOBON_NRMCB_Wa_89,,EMOBON00436,DBD_AANM,DBB_AANI,,metag,,PAIRED,metag,metag,metag,metag,,,,basic Genoscope QC,Illumina NovaSeq 6000,9.89,,949.4,METAGENOMIC,231121_JARVIS_HV3HNDSX7,DBB_AANIOSDA_1_HW7YYDSX7.UDI235,,,,,Prod_ILL_BqADN_NEBUII_151_v4,PRJEB51688,PRJEB51658,,,,batch_3,
EMOBON_NRMCB_Wa_220427_3um_1,EMOBON_NRMCB_Wa_103,,EMOBON00437,DBD_AANN,DBB_AANJ,,metag,,PAIRED,metag,metag,metag,metag,,,,basic Genoscope QC,Illumina NovaSeq 6000,2.3,,225.4,METAGENOMIC,231121_JARVIS_HV3HNDSX7,DBB_AANJOSDA_2_HV3HNDSX7.UDI161,,,,,Prod_ILL_BqADN_NEBUII_151_v4,PRJEB51688,PRJEB51658,,,,batch_3,
EMOBON_NRMCB_Wa_220427_3um_2,EMOBON_NRMCB_Wa_104,,EMOBON00438,DBD_AANO,DBB_AANK,,metag,,PAIRED,metag,metag,metag,metag,,,,basic Genoscope QC,Illumina NovaSeq 6000,1.72,,168.6,METAGENOMIC,240227_JARVIS_H5YGKDSXC,DBB_AANKOSDA_1_H5YH5DSXC.UDI352,,,,,Prod_ILL_BqADN_NEBUII_151_v4,PRJEB51688,PRJEB51658,,,,batch_3,
EMOBON_NRMCB_Wa_220427_0.2um_1,EMOBON_NRMCB_Wa_108,,EMOBON00439,DBD_AANP,DBB_AANL,,metag,,PAIRED,metag,metag,metag,metag,,,,basic Genoscope QC,Illumina NovaSeq 6000,11.65,,1141.7,METAGENOMIC,231121_JARVIS_HV3HNDSX7,DBB_AANLOSDA_1_HW7YYDSX7.UDI247,,,,,Prod_ILL_BqADN_NEBUII_151_v4,PRJEB51688,PRJEB51658,,,,batch_3,
EMOBON_NRMCB_Wa_220427_0.2um_2,EMOBON_NRMCB_Wa_109,,EMOBON00440,DBD_AANQ,DBB_AANM,,metag,,PAIRED,metag,metag,metag,metag,,,,basic Genoscope QC,Illumina NovaSeq 6000,13.2,,1293.6,METAGENOMIC,231121_JARVIS_HV3HNDSX7,DBB_AANMOSDA_1_HW7YYDSX7.UDI259,,,,,Prod_ILL_BqADN_NEBUII_151_v4,PRJEB51688,PRJEB51658,,,,batch_3,
EMOBON_NRMCB_Wa_220623_3um_1,EMOBON_NRMCB_Wa_123,,EMOBON00441,DBD_AANR,DBB_AANN,,metag,,PAIRED,metag,metag,metag,metag,,,,basic Genoscope QC,Illumina NovaSeq 6000,3.77,,369.5,METAGENOMIC,231121_JARVIS_HV3HNDSX7,DBB_AANNOSDA_2_HV3HNDSX7.UDI173,,,,,Prod_ILL_BqADN_NEBUII_151_v4,PRJEB51688,PRJEB51658,,,,batch_3,
EMOBON_NRMCB_Wa_220623_3um_2,EMOBON_NRMCB_Wa_124,,EMOBON00442,DBD_AANS,DBB_AANO,,metag,,PAIRED,metag,metag,metag,metag,,,,basic Genoscope QC,Illumina NovaSeq 6000,5.13,,502.7,METAGENOMIC,231121_JARVIS_HV3HNDSX7,DBB_AANOOSDA_2_HV3HNDSX7.UDI185,,,,,Prod_ILL_BqADN_NEBUII_151_v4,PRJEB51688,PRJEB51658,,,,batch_3,
EMOBON_NRMCB_Wa_220623_0.2um_1,EMOBON_NRMCB_Wa_127,,EMOBON00443,DBD_AANT,DBB_AANP,,metag,,PAIRED,metag,metag,metag,metag,,,,basic Genoscope QC,Illumina NovaSeq 6000,9.48,,929,METAGENOMIC,231121_JARVIS_HV3HNDSX7,DBB_AANPOSDA_1_HW7YYDSX7.UDI271,,,,,Prod_ILL_BqADN_NEBUII_151_v4,PRJEB51688,PRJEB51658,,,,batch_3,
EMOBON_NRMCB_Wa_220623_0.2um_2,EMOBON_NRMCB_Wa_128,,EMOBON00444,DBD_AANU,DBB_AANQ,,metag,,PAIRED,metag,metag,metag,metag,,,,basic Genoscope QC,Illumina NovaSeq 6000,8.32,,815.4,METAGENOMIC,231121_JARVIS_HV3HNDSX7,DBB_AANQOSDA_1_HW7YYDSX7.UDI283,,,,,Prod_ILL_BqADN_NEBUII_151_v4,PRJEB51688,PRJEB51658,,,,batch_3,
EMOBON_NRMCB_Wa_220623_3um_blank,EMOBON_NRMCB_Wa_129,,EMOBON00445,,,,metag,,PAIRED,metag,metag,metag,metag,,,,basic Genoscope QC,Illumina NovaSeq 6000,99,,8.9,METAGENOMIC,,,,,,,Prod_ILL_BqADN_NEBUII_151_v4,PRJEB51688,PRJEB51658,,,,batch_3,blank; not MetaG-sequenced
EMOBON_NRMCB_Wa_220623_0.2um_blank,EMOBON_NRMCB_Wa_132,,EMOBON00446,,,,metag,,PAIRED,metag,metag,metag,metag,,,,basic Genoscope QC,Illumina NovaSeq 6000,131,,11.8,METAGENOMIC,,,,,,,Prod_ILL_BqADN_NEBUII_151_v4,PRJEB51688,PRJEB51658,,,,batch_3,blank; not MetaG-sequenced
EMOBON_NRMCB_Wa_220803_3um_1,EMOBON_NRMCB_Wa_143,,EMOBON00447,DBD_AANV,DBB_AANR,,metag,,PAIRED,metag,metag,metag,metag,,,,basic Genoscope QC,Illumina NovaSeq 6000,1.925,,188.6,METAGENOMIC,240227_JARVIS_H5YGKDSXC,DBB_AANROSDA_1_H5YH5DSXC.UDI353,,,,,Prod_ILL_BqADN_NEBUII_151_v4,PRJEB51688,PRJEB51658,,,,batch_3,
EMOBON_NRMCB_Wa_220803_3um_2,EMOBON_NRMCB_Wa_144,,EMOBON00448,DBD_AANW,DBB_AANS,,metag,,PAIRED,metag,metag,metag,metag,,,,basic Genoscope QC,Illumina NovaSeq 6000,1.365,,133.8,METAGENOMIC,240227_JARVIS_H5YGKDSXC,DBB_AANSOSDA_1_H5YH5DSXC.UDI354,,,,,Prod_ILL_BqADN_NEBUII_151_v4,PRJEB51688,PRJEB51658,,,,batch_3,
EMOBON_NRMCB_Wa_220803_0.2um_1,EMOBON_NRMCB_Wa_148,,EMOBON00449,DBD_AANX,DBB_AANT,,metag,,PAIRED,metag,metag,metag,metag,,,,basic Genoscope QC,Illumina NovaSeq 6000,11.75,,1151.5,METAGENOMIC,231121_JARVIS_HV3HNDSX7,DBB_AANTOSDA_1_HW7YYDSX7.UDI200,,,,,Prod_ILL_BqADN_NEBUII_151_v4,PRJEB51688,PRJEB51658,,,,batch_3,
EMOBON_NRMCB_Wa_220803_0.2um_2,EMOBON_NRMCB_Wa_149,,EMOBON00450,DBD_AANY,DBB_AANU,,metag,,PAIRED,metag,metag,metag,metag,,,,basic Genoscope QC,Illumina NovaSeq 6000,9.07,,888.9,METAGENOMIC,231121_JARVIS_HV3HNDSX7,DBB_AANUOSDA_1_HW7YYDSX7.UDI212,,,,,Prod_ILL_BqADN_NEBUII_151_v4,PRJEB51688,PRJEB51658,,,,batch_3,
EMOBON_NRMCB_So_220311_1,EMOBON_NRMCB_So_21,,EMOBON00451,DBG_AACF,DBH_AACG,,metag,,PAIRED,metag,metag,metag,metag,,,,basic Genoscope QC,Illumina NovaSeq 6000,14,,1456,METAGENOMIC,231121_JARVIS_HV3HNDSX7,DBH_AACGOSDA_2_HJWK3DSX7.UDI074,,,,,Prod_ILL_BqADN_NEBUII_151_v4,PRJEB51688,PRJEB51658,,,,batch_3,
EMOBON_NRMCB_So_220311_2,EMOBON_NRMCB_So_22,,EMOBON00452,DBG_AACG,DBH_AACH,,metag,,PAIRED,metag,metag,metag,metag,,,,basic Genoscope QC,Illumina NovaSeq 6000,13,,1326,METAGENOMIC,231121_JARVIS_HV3HNDSX7,DBH_AACHOSDA_2_HJWK3DSX7.UDI086,,,,,Prod_ILL_BqADN_NEBUII_151_v4,PRJEB51688,PRJEB51658,,,,batch_3,
EMOBON_NRMCB_So_220427_1,EMOBON_NRMCB_So_26,,EMOBON00453,DBG_AACH,DBH_AACI,,metag,,PAIRED,metag,metag,metag,metag,,,,basic Genoscope QC,Illumina NovaSeq 6000,17.6,,1830.4,METAGENOMIC,231121_JARVIS_HV3HNDSX7,DBH_AACIOSDA_2_HJWK3DSX7.UDI003,,,,,Prod_ILL_BqADN_NEBUII_151_v4,PRJEB51688,PRJEB51658,,,,batch_3,
EMOBON_NRMCB_So_220427_2,EMOBON_NRMCB_So_27,,EMOBON00454,DBG_AACI,DBH_AACJ,,metag,,PAIRED,metag,metag,metag,metag,,,,basic Genoscope QC,Illumina NovaSeq 6000,23.7,,2085.6,METAGENOMIC,231121_JARVIS_HV3HNDSX7,DBH_AACJOSDA_2_HJWK3DSX7.UDI015,,,,,Prod_ILL_BqADN_NEBUII_151_v4,PRJEB51688,PRJEB51658,,,,batch_3,
EMOBON_NRMCB_So_230622_1,EMOBON_NRMCB_So_31,,EMOBON00455,DBG_AACJ,DBH_AACK,,metag,,PAIRED,metag,metag,metag,metag,,,,basic Genoscope QC,Illumina NovaSeq 6000,24.4,,2147.2,METAGENOMIC,231121_JARVIS_HV3HNDSX7,DBH_AACKOSDA_2_HJWK3DSX7.UDI027,,,,,Prod_ILL_BqADN_NEBUII_151_v4,PRJEB51688,PRJEB51658,,,,batch_3,
EMOBON_NRMCB_So_230622_2,EMOBON_NRMCB_So_32,,EMOBON00456,DBG_AACK,DBH_AACT,,metag,,PAIRED,metag,metag,metag,metag,,,,basic Genoscope QC,Illumina NovaSeq 6000,26.9,,2205.8,METAGENOMIC,231121_JARVIS_HV3HNDSX7,DBH_AACTOSDA_2_HJWK3DSX7.UDI051,,,,,Prod_ILL_BqADN_NEBUII_151_v4,PRJEB51688,PRJEB51658,,,,batch_3,
EMOBON_NRMCB_So_030822_1,EMOBON_NRMCB_So_36,,EMOBON00457,DBG_AACL,DBH_AACL,,metag,,PAIRED,metag,metag,metag,metag,,,,basic Genoscope QC,Illumina NovaSeq 6000,12.3,,1070.1,METAGENOMIC,231121_JARVIS_HV3HNDSX7,DBH_AACLOSDA_2_HJWK3DSX7.UDI039,,,,,Prod_ILL_BqADN_NEBUII_151_v4,PRJEB51688,PRJEB51658,,,,batch_3,
EMOBON_NRMCB_So_030822_2,EMOBON_NRMCB_So_37,,EMOBON00458,DBG_AACM,DBH_AACU,,metag,,PAIRED,metag,metag,metag,metag,,,,basic Genoscope QC,Illumina NovaSeq 6000,15.75,,1386,METAGENOMIC,231121_JARVIS_HV3HNDSX7,DBH_AACUOSDA_2_HJWK3DSX7.UDI063,,,,,Prod_ILL_BqADN_NEBUII_151_v4,PRJEB51688,PRJEB51658,,,,batch_3,
EMOBON_OOB_So_220221_micro_1,EMOBON_OOB_So_29,,EMOBON00459,DBG_AACN,DBH_AACV,,metag,,PAIRED,metag,metag,metag,metag,,,,basic Genoscope QC,Illumina NovaSeq 6000,476,,40.9,METAGENOMIC,231121_JARVIS_HV3HNDSX7,DBH_AACVOSDA_2_HJWK3DSX7.UDI362,,,,,Prod_ILL_BqADN_NEBUII_151_v4,PRJEB51688,PRJEB51665,,,,batch_3,
EMOBON_OOB_So_220221_micro_2,EMOBON_OOB_So_30,,EMOBON00460,DBG_AACO,DBH_AACM,,metag,,PAIRED,metag,metag,metag,metag,,,,basic Genoscope QC,Illumina NovaSeq 6000,473,,41.6,METAGENOMIC,231121_JARVIS_HV3HNDSX7,DBH_AACMOSDA_2_HJWK3DSX7.UDI357,,,,,Prod_ILL_BqADN_NEBUII_151_v4,PRJEB51688,PRJEB51665,,,,batch_3,
EMOBON_OOB_So_220425_micro_1,EMOBON_OOB_So_34,,EMOBON00461,DBG_AACP,DBH_AACN,,metag,,PAIRED,metag,metag,metag,metag,,,,basic Genoscope QC,Illumina NovaSeq 6000,534,,56.1,METAGENOMIC,231121_JARVIS_HV3HNDSX7,DBH_AACNOSDA_2_HJWK3DSX7.UDI358,,,,,Prod_ILL_BqADN_NEBUII_151_v4,PRJEB51688,PRJEB51665,,,,batch_3,
EMOBON_OOB_So_220425_micro_2,EMOBON_OOB_So_35,,EMOBON00462,DBG_AACQ,DBH_AACO,,metag,,PAIRED,metag,metag,metag,metag,,,,basic Genoscope QC,Illumina NovaSeq 6000,447,,48.3,METAGENOMIC,231121_JARVIS_HV3HNDSX7,DBH_AACOOSDA_2_HJWK3DSX7.UDI359,,,,,Prod_ILL_BqADN_NEBUII_151_v4,PRJEB51688,PRJEB51665,,,,batch_3,
EMOBON_OOB_So_220628_micro_1,EMOBON_OOB_So_47,,EMOBON00463,DBG_AACR,DBH_AACQ,,metag,,PAIRED,metag,metag,metag,metag,,,,basic Genoscope QC,Illumina NovaSeq 6000,781,,64,METAGENOMIC,231121_JARVIS_HV3HNDSX7,DBH_AACQOSDA_2_HJWK3DSX7.UDI360,,,,,Prod_ILL_BqADN_NEBUII_151_v4,PRJEB51688,PRJEB51665,,,,batch_3,
EMOBON_OOB_So_220628_micro_2,EMOBON_OOB_So_48,,EMOBON00464,DBG_AACS,DBH_AACR,,metag,,PAIRED,metag,metag,metag,metag,,,,basic Genoscope QC,Illumina NovaSeq 6000,1.725,,141.5,METAGENOMIC,231121_JARVIS_HV3HNDSX7,DBH_AACROSDA_2_HJWK3DSX7.UDI351,,,,,Prod_ILL_BqADN_NEBUII_151_v4,PRJEB51688,PRJEB51665,,,,batch_3,
EMOBON_OOB_So_220823_micro_1,EMOBON_OOB_So_56,,EMOBON00465,DBG_AACT,DBH_AACP,,metag,,PAIRED,metag,metag,metag,metag,,,,basic Genoscope QC,Illumina NovaSeq 6000,1.48,,159.8,METAGENOMIC,231121_JARVIS_HV3HNDSX7,DBH_AACPOSDA_2_HJWK3DSX7.UDI354,,,,,Prod_ILL_BqADN_NEBUII_151_v4,PRJEB51688,PRJEB51665,,,,batch_3,
EMOBON_OOB_So_220823_micro_2,EMOBON_OOB_So_57,,EMOBON00466,DBG_AACU,DBH_AACS,,metag,,PAIRED,metag,metag,metag,metag,,,,basic Genoscope QC,Illumina NovaSeq 6000,1.19,,97.6,METAGENOMIC,231121_JARVIS_HV3HNDSX7,DBH_AACSOSDA_2_HJWK3DSX7.UDI361,,,,,Prod_ILL_BqADN_NEBUII_151_v4,PRJEB51688,PRJEB51665,,,,batch_3,
EMOBON_OSD74_Wa_220225_0.2um_1,EMOBON_OSD74_Wa_31,,EMOBON00467,DBD_AANZ,DBB_AANV,,metag,,PAIRED,metag,metag,metag,metag,,,,basic Genoscope QC,Illumina NovaSeq 6000,0.72,,70.6,METAGENOMIC,240227_JARVIS_H5YGKDSXC,DBB_AANVOSDA_3_H5YGKDSXC.UDI310,,,,,Prod_ILL_BqADN_NEBUII_151_v4,PRJEB51688,PRJEB51659,,,,batch_3,
EMOBON_OSD74_Wa_220225_0.2um_2,EMOBON_OSD74_Wa_32,,EMOBON00468,DBD_AAOA,DBB_AANW,,metag,,PAIRED,metag,metag,metag,metag,,,,basic Genoscope QC,Illumina NovaSeq 6000,458,,44.9,METAGENOMIC,240227_JARVIS_H5YGKDSXC,DBB_AANWOSDA_3_H5YGKDSXC.UDI311,,,,,Prod_ILL_BqADN_NEBUII_151_v4,PRJEB51688,PRJEB51659,,,,batch_3,
EMOBON_OSD74_Wa_220225_3um_1,EMOBON_OSD74_Wa_33,,EMOBON00469,DBD_AAOB,DBB_AANX,,metag,,PAIRED,metag,metag,metag,metag,,,,basic Genoscope QC,Illumina NovaSeq 6000,9.73,,953.5,METAGENOMIC,231121_JARVIS_HV3HNDSX7,DBB_AANXOSDA_2_HV3HNDSX7.UDI102,,,,,Prod_ILL_BqADN_NEBUII_151_v4,PRJEB51688,PRJEB51659,,,,batch_3,
EMOBON_OSD74_Wa_220225_3um_2,EMOBON_OSD74_Wa_34,,EMOBON00470,DBD_AAOC,DBB_AANY,,metag,,PAIRED,metag,metag,metag,metag,,,,basic Genoscope QC,Illumina NovaSeq 6000,12.95,,1269.1,METAGENOMIC,231121_JARVIS_HV3HNDSX7,DBB_AANYOSDA_3_HW7YYDSX7.UDI114,,,,,Prod_ILL_BqADN_NEBUII_151_v4,PRJEB51688,PRJEB51659,,,,batch_3,
EMOBON_OSD74_Wa_220420_0.2um_1,EMOBON_OSD74_Wa_41,,EMOBON00471,DBD_AAOD,DBB_AANZ,,metag,,PAIRED,metag,metag,metag,metag,,,,basic Genoscope QC,Illumina NovaSeq 6000,30.5,,2989,METAGENOMIC,231121_JARVIS_HV3HNDSX7,DBB_AANZOSDA_1_HW7YYDSX7.UDI224,,,,,Prod_ILL_BqADN_NEBUII_151_v4,PRJEB51688,PRJEB51659,,,,batch_3,
EMOBON_OSD74_Wa_220420_0.2um_2,EMOBON_OSD74_Wa_42,,EMOBON00472,DBD_AAOE,DBB_AAOA,,metag,,PAIRED,metag,metag,metag,metag,,,,basic Genoscope QC,Illumina NovaSeq 6000,26.8,,2626.4,METAGENOMIC,231121_JARVIS_HV3HNDSX7,DBB_AAOAOSDA_1_HW7YYDSX7.UDI236,,,,,Prod_ILL_BqADN_NEBUII_151_v4,PRJEB51688,PRJEB51659,,,,batch_3,
EMOBON_OSD74_Wa_220420_3um_1,EMOBON_OSD74_Wa_43,,EMOBON00473,DBD_AAOF,DBB_AAOB,,metag,,PAIRED,metag,metag,metag,metag,,,,basic Genoscope QC,Illumina NovaSeq 6000,23,,2208,METAGENOMIC,231121_JARVIS_HV3HNDSX7,DBB_AAOBOSDA_3_HW7YYDSX7.UDI126,,,,,Prod_ILL_BqADN_NEBUII_151_v4,PRJEB51688,PRJEB51659,,,,batch_3,
EMOBON_OSD74_Wa_220420_3um_2,EMOBON_OSD74_Wa_44,,EMOBON00474,DBD_AAOG,DBB_AAOC,,metag,,PAIRED,metag,metag,metag,metag,,,,basic Genoscope QC,Illumina NovaSeq 6000,64.7,,5952.4,METAGENOMIC,231121_JARVIS_HV3HNDSX7,DBB_AAOCOSDA_3_HW7YYDSX7.UDI138,,,,,Prod_ILL_BqADN_NEBUII_151_v4,PRJEB51688,PRJEB51659,,,,batch_3,
EMOBON_OSD74_Wa_220614_0.2um_1,EMOBON_OSD74_Wa_51,,EMOBON00475,DBD_AAOH,DBB_AAOD,,metag,,PAIRED,metag,metag,metag,metag,,,,basic Genoscope QC,Illumina NovaSeq 6000,18.9,,1757.7,METAGENOMIC,231121_JARVIS_HV3HNDSX7,DBB_AAODOSDA_1_HW7YYDSX7.UDI248,,,,,Prod_ILL_BqADN_NEBUII_151_v4,PRJEB51688,PRJEB51659,,,,batch_3,
EMOBON_OSD74_Wa_220614_0.2um_2,EMOBON_OSD74_Wa_52,,EMOBON00476,DBD_AAOI,DBB_AAOE,,metag,,PAIRED,metag,metag,metag,metag,,,,basic Genoscope QC,Illumina NovaSeq 6000,54.15,,4873.5,METAGENOMIC,231121_JARVIS_HV3HNDSX7,DBB_AAOEOSDA_1_HW7YYDSX7.UDI260,,,,,Prod_ILL_BqADN_NEBUII_151_v4,PRJEB51688,PRJEB51659,,,,batch_3,
EMOBON_OSD74_Wa_220614_3um_1,EMOBON_OSD74_Wa_53,,EMOBON00477,DBD_AAOJ,DBB_AAOF,,metag,,PAIRED,metag,metag,metag,metag,,,,basic Genoscope QC,Illumina NovaSeq 6000,9.15,,942.5,METAGENOMIC,231121_JARVIS_HV3HNDSX7,DBB_AAOFOSDA_3_HW7YYDSX7.UDI150,,,,,Prod_ILL_BqADN_NEBUII_151_v4,PRJEB51688,PRJEB51659,,,,batch_3,
EMOBON_OSD74_Wa_220614_3um_2,EMOBON_OSD74_Wa_54,,EMOBON00478,DBD_AAOK,DBB_AAOG,,metag,,PAIRED,metag,metag,metag,metag,,,,basic Genoscope QC,Illumina NovaSeq 6000,4.68,,439.9,METAGENOMIC,231121_JARVIS_HV3HNDSX7,DBB_AAOGOSDA_3_HW7YYDSX7.UDI162,,,,,Prod_ILL_BqADN_NEBUII_151_v4,PRJEB51688,PRJEB51659,,,,batch_3,
EMOBON_OSD74_Wa_220822_0.2um_1,EMOBON_OSD74_Wa_61,,EMOBON00479,DBD_AAOL,DBB_AAOH,,metag,,PAIRED,metag,metag,metag,metag,,,,basic Genoscope QC,Illumina NovaSeq 6000,48.15,,4237.2,METAGENOMIC,231121_JARVIS_HV3HNDSX7,DBB_AAOHOSDA_1_HW7YYDSX7.UDI272,,,,,Prod_ILL_BqADN_NEBUII_151_v4,PRJEB51688,PRJEB51659,,,,batch_3,
EMOBON_OSD74_Wa_220822_0.2um_2,EMOBON_OSD74_Wa_62,,EMOBON00480,DBD_AAOM,DBB_AAOI,,metag,,PAIRED,metag,metag,metag,metag,,,,basic Genoscope QC,Illumina NovaSeq 6000,56.15,,4941.2,METAGENOMIC,231121_JARVIS_HV3HNDSX7,DBB_AAOIOSDA_1_HW7YYDSX7.UDI284,,,,,Prod_ILL_BqADN_NEBUII_151_v4,PRJEB51688,PRJEB51659,,,,batch_3,
EMOBON_OSD74_Wa_220822_3um_1,EMOBON_OSD74_Wa_63,,EMOBON00481,DBD_AAON,DBB_AAOJ,,metag,,PAIRED,metag,metag,metag,metag,,,,basic Genoscope QC,Illumina NovaSeq 6000,126.5,,10373,METAGENOMIC,231121_JARVIS_HV3HNDSX7,DBB_AAOJOSDA_3_HW7YYDSX7.UDI174,,,,,Prod_ILL_BqADN_NEBUII_151_v4,PRJEB51688,PRJEB51659,,,,batch_3,
EMOBON_OSD74_Wa_220822_3um_2,EMOBON_OSD74_Wa_64,,EMOBON00482,DBD_AAOO,DBB_AAOK,,metag,,PAIRED,metag,metag,metag,metag,,,,basic Genoscope QC,Illumina NovaSeq 6000,29.433,,2855,METAGENOMIC,231121_JARVIS_HV3HNDSX7,DBB_AAOKOSDA_3_HW7YYDSX7.UDI186,,,,,Prod_ILL_BqADN_NEBUII_151_v4,PRJEB51688,PRJEB51659,,,,batch_3,
EMOBON_HCMR-1_Wa_211026_3um_1,EMOBON_HCMR-1_Wa_25,,EMOBON00483,DBD_AAOP,DBB_AAOL,,metag,,PAIRED,metag,metag,metag,metag,,,,basic Genoscope QC,Illumina NovaSeq 6000,1.38,,135.2,METAGENOMIC,240227_JARVIS_H5YGKDSXC,DBB_AAOLOSDA_1_H5YH5DSXC.UDI355,,,,,Prod_ILL_BqADN_NEBUII_151_v4,PRJEB51688,PRJEB51655,,,,batch_3,
EMOBON_HCMR-1_Wa_211026_3um_2,EMOBON_HCMR-1_Wa_26,,EMOBON00484,DBD_AAOQ,DBB_AAOM,,metag,,PAIRED,metag,metag,metag,metag,,,,basic Genoscope QC,Illumina NovaSeq 6000,3.3,,323.4,METAGENOMIC,231121_JARVIS_HV3HNDSX7,DBB_AAOMOSDA_3_HW7YYDSX7.UDI103,,,,,Prod_ILL_BqADN_NEBUII_151_v4,PRJEB51688,PRJEB51655,,,,batch_3,
EMOBON_HCMR-1_Wa_211026_0.2um_1,EMOBON_HCMR-1_Wa_29,,EMOBON00485,DBD_AAOR,DBB_AAON,,metag,,PAIRED,metag,metag,metag,metag,,,,basic Genoscope QC,Illumina NovaSeq 6000,17.7,,1734.6,METAGENOMIC,231121_JARVIS_HV3HNDSX7,DBB_AAONOSDA_1_HW7YYDSX7.UDI201,,,,,Prod_ILL_BqADN_NEBUII_151_v4,PRJEB51688,PRJEB51655,,,,batch_3,
EMOBON_HCMR-1_Wa_211026_0.2um_2,EMOBON_HCMR-1_Wa_30,,EMOBON00486,DBD_AAOS,DBB_AAOO,,metag,,PAIRED,metag,metag,metag,metag,,,,basic Genoscope QC,Illumina NovaSeq 6000,17.55,,1719.9,METAGENOMIC,231121_JARVIS_HV3HNDSX7,DBB_AAOOOSDA_1_HW7YYDSX7.UDI213,,,,,Prod_ILL_BqADN_NEBUII_151_v4,PRJEB51688,PRJEB51655,,,,batch_3,
EMOBON_HCMR-1_Wa_220304_3um_1,EMOBON_HCMR-1_Wa_39,,EMOBON00487,DBD_AAOT,DBB_AAOP,,metag,,PAIRED,metag,metag,metag,metag,,,,basic Genoscope QC,Illumina NovaSeq 6000,424,,41.6,METAGENOMIC,240227_JARVIS_H5YGKDSXC,DBB_AAOPOSDA_1_H5YH5DSXC.UDI316,,,,,Prod_ILL_BqADN_NEBUII_151_v4,PRJEB51688,PRJEB51655,,,,batch_3,
EMOBON_HCMR-1_Wa_220304_3um_2,EMOBON_HCMR-1_Wa_40,,EMOBON00488,DBD_AAOU,DBB_AAOQ,,metag,,PAIRED,metag,metag,metag,metag,,,,basic Genoscope QC,Illumina NovaSeq 6000,663,,65,METAGENOMIC,240227_JARVIS_H5YGKDSXC,DBB_AAOQOSDA_1_H5YH5DSXC.UDI317,,,,,Prod_ILL_BqADN_NEBUII_151_v4,PRJEB51688,PRJEB51655,,,,batch_3,
EMOBON_HCMR-1_Wa_220304_0.2um_1,EMOBON_HCMR-1_Wa_41,,EMOBON00489,DBD_AAOV,DBB_AAOR,,metag,,PAIRED,metag,metag,metag,metag,,,,basic Genoscope QC,Illumina NovaSeq 6000,10.4,,1019.2,METAGENOMIC,231121_JARVIS_HV3HNDSX7,DBB_AAOROSDA_1_HW7YYDSX7.UDI225,,,,,Prod_ILL_BqADN_NEBUII_151_v4,PRJEB51688,PRJEB51655,,,,batch_3,
EMOBON_HCMR-1_Wa_220304_0.2um_2,EMOBON_HCMR-1_Wa_42,,EMOBON00490,DBD_AAOW,DBB_AAOS,,metag,,PAIRED,metag,metag,metag,metag,,,,basic Genoscope QC,Illumina NovaSeq 6000,10.38,,1017.2,METAGENOMIC,231121_JARVIS_HV3HNDSX7,DBB_AAOSOSDA_1_HW7YYDSX7.UDI237,,,,,Prod_ILL_BqADN_NEBUII_151_v4,PRJEB51688,PRJEB51655,,,,batch_3,
EMOBON_HCMR-1_Wa_220505_3um_1,EMOBON_HCMR-1_Wa_49,,EMOBON00491,DBD_AAOX,DBB_AAOT,,metag,,PAIRED,metag,metag,metag,metag,,,,basic Genoscope QC,Illumina NovaSeq 6000,1.215,,119.1,METAGENOMIC,240227_JARVIS_H5YGKDSXC,DBB_AAOTOSDA_1_H5YH5DSXC.UDI356,,,,,Prod_ILL_BqADN_NEBUII_151_v4,PRJEB51688,PRJEB51655,,,,batch_3,
EMOBON_HCMR-1_Wa_220505_3um_2,EMOBON_HCMR-1_Wa_50,,EMOBON00492,DBD_AAOY,DBB_AAOU,,metag,,PAIRED,metag,metag,metag,metag,,,,basic Genoscope QC,Illumina NovaSeq 6000,1.895,,185.7,METAGENOMIC,240227_JARVIS_H5YGKDSXC,DBB_AAOUOSDA_1_H5YH5DSXC.UDI357,,,,,Prod_ILL_BqADN_NEBUII_151_v4,PRJEB51688,PRJEB51655,,,,batch_3,
EMOBON_HCMR-1_Wa_220505_0.2um_1,EMOBON_HCMR-1_Wa_53,,EMOBON00493,DBD_AAOZ,DBB_AAOV,,metag,,PAIRED,metag,metag,metag,metag,,,,basic Genoscope QC,Illumina NovaSeq 6000,9.17,,898.7,METAGENOMIC,231121_JARVIS_HV3HNDSX7,DBB_AAOVOSDA_1_HW7YYDSX7.UDI249,,,,,Prod_ILL_BqADN_NEBUII_151_v4,PRJEB51688,PRJEB51655,,,,batch_3,
EMOBON_HCMR-1_Wa_220505_0.2um_2,EMOBON_HCMR-1_Wa_54,,EMOBON00494,DBD_AAPA,DBB_AAOW,,metag,,PAIRED,metag,metag,metag,metag,,,,basic Genoscope QC,Illumina NovaSeq 6000,5.68,,556.6,METAGENOMIC,231121_JARVIS_HV3HNDSX7,DBB_AAOWOSDA_1_HW7YYDSX7.UDI261,,,,,Prod_ILL_BqADN_NEBUII_151_v4,PRJEB51688,PRJEB51655,,,,batch_3,
EMOBON_HCMR-1_Wa_220505_3um_blank,EMOBON_HCMR-1_Wa_57,,EMOBON00495,,,,metag,,PAIRED,metag,metag,metag,metag,,,,basic Genoscope QC,Illumina NovaSeq 6000,88,,8,METAGENOMIC,,,,,,,Prod_ILL_BqADN_NEBUII_151_v4,PRJEB51688,PRJEB51655,,,,batch_3,blank; not MetaG-sequenced
EMOBON_HCMR-1_Wa_220505_0.2um_blank,EMOBON_HCMR-1_Wa_59,,EMOBON00496,,,,metag,,PAIRED,metag,metag,metag,metag,,,,basic Genoscope QC,Illumina NovaSeq 6000,87,,7.8,METAGENOMIC,,,,,,,Prod_ILL_BqADN_NEBUII_151_v4,PRJEB51688,PRJEB51655,,,,batch_3,blank; not MetaG-sequenced
EMOBON_HCMR-1_Wa_220623_3um_1,EMOBON_HCMR-1_Wa_61,,EMOBON00497,DBD_AAPB,DBB_AAOX,,metag,,PAIRED,metag,metag,metag,metag,,,,basic Genoscope QC,Illumina NovaSeq 6000,2.45,,240.1,METAGENOMIC,231121_JARVIS_HV3HNDSX7,DBB_AAOXOSDA_3_HW7YYDSX7.UDI115,,,,,Prod_ILL_BqADN_NEBUII_151_v4,PRJEB51688,PRJEB51655,,,,batch_3,
EMOBON_HCMR-1_Wa_220623_3um_2,EMOBON_HCMR-1_Wa_62,,EMOBON00498,DBD_AAPC,DBB_AAOY,,metag,,PAIRED,metag,metag,metag,metag,,,,basic Genoscope QC,Illumina NovaSeq 6000,3.07,,300.9,METAGENOMIC,231121_JARVIS_HV3HNDSX7,DBB_AAOYOSDA_3_HW7YYDSX7.UDI127,,,,,Prod_ILL_BqADN_NEBUII_151_v4,PRJEB51688,PRJEB51655,,,,batch_3,
EMOBON_HCMR-1_Wa_220623_0.2um_1,EMOBON_HCMR-1_Wa_65,,EMOBON00499,DBD_AAPD,DBB_AAOZ,,metag,,PAIRED,metag,metag,metag,metag,,,,basic Genoscope QC,Illumina NovaSeq 6000,19.55,,1915.9,METAGENOMIC,231121_JARVIS_HV3HNDSX7,DBB_AAOZOSDA_1_HW7YYDSX7.UDI273,,,,,Prod_ILL_BqADN_NEBUII_151_v4,PRJEB51688,PRJEB51655,,,,batch_3,
EMOBON_HCMR-1_Wa_2206230.2um_2,EMOBON_HCMR-1_Wa_66,,EMOBON00500,DBD_AAPE,DBB_AAPA,,metag,,PAIRED,metag,metag,metag,metag,,,,basic Genoscope QC,Illumina NovaSeq 6000,24.7,,2420.6,METAGENOMIC,231121_JARVIS_HV3HNDSX7,DBB_AAPAOSDA_1_HW7YYDSX7.UDI285,,,,,Prod_ILL_BqADN_NEBUII_151_v4,PRJEB51688,PRJEB51655,,,,batch_3,
EMOBON_HCMR-1_Wa_220623_3um_blank,EMOBON_HCMR-1_Wa_69,,EMOBON00501,,,,metag,,PAIRED,metag,metag,metag,metag,,,,basic Genoscope QC,Illumina NovaSeq 6000,89,,8,METAGENOMIC,,,,,,,Prod_ILL_BqADN_NEBUII_151_v4,PRJEB51688,PRJEB51655,,,,batch_3,blank; not MetaG-sequenced
EMOBON_HCMR-1_Wa_220623_0.2um_blank,EMOBON_HCMR-1_Wa_71,,EMOBON00502,,,,metag,,PAIRED,metag,metag,metag,metag,,,,basic Genoscope QC,Illumina NovaSeq 6000,89,,8.1,METAGENOMIC,,,,,,,Prod_ILL_BqADN_NEBUII_151_v4,PRJEB51688,PRJEB51655,,,,batch_3,blank; not MetaG-sequenced
EMOBON_HCMR-1_Wa_220915_3um_1,EMOBON_HCMR-1_Wa_73,,EMOBON00503,DBD_AAPF,DBB_AAPB,,metag,,PAIRED,metag,metag,metag,metag,,,,basic Genoscope QC,Illumina NovaSeq 6000,1.035,,101.4,METAGENOMIC,240227_JARVIS_H5YGKDSXC,DBB_AAPBOSDA_1_H5YH5DSXC.UDI358,,,,,Prod_ILL_BqADN_NEBUII_151_v4,PRJEB51688,PRJEB51655,,,,batch_3,
EMOBON_HCMR-1_Wa_220915_3um_2,EMOBON_HCMR-1_Wa_74,,EMOBON00504,DBD_AAPG,DBB_AAPC,,metag,,PAIRED,metag,metag,metag,metag,,,,basic Genoscope QC,Illumina NovaSeq 6000,1.06,,103.9,METAGENOMIC,240227_JARVIS_H5YGKDSXC,DBB_AAPCOSDA_1_H5YH5DSXC.UDI359,,,,,Prod_ILL_BqADN_NEBUII_151_v4,PRJEB51688,PRJEB51655,,,,batch_3,
EMOBON_HCMR-1_Wa_220915_0.2um_1,EMOBON_HCMR-1_Wa_77,,EMOBON00505,DBD_AAPH,DBB_AAPD,,metag,,PAIRED,metag,metag,metag,metag,,,,basic Genoscope QC,Illumina NovaSeq 6000,8.31,,814.4,METAGENOMIC,231121_JARVIS_HV3HNDSX7,DBB_AAPDOSDA_1_HW7YYDSX7.UDI202,,,,,Prod_ILL_BqADN_NEBUII_151_v4,PRJEB51688,PRJEB51655,,,,batch_3,
EMOBON_HCMR-1_Wa_220915_0.2um_2,EMOBON_HCMR-1_Wa_78,,EMOBON00506,DBD_AAPI,DBB_AAPE,,metag,,PAIRED,metag,metag,metag,metag,,,,basic Genoscope QC,Illumina NovaSeq 6000,9.53,,933.9,METAGENOMIC,231121_JARVIS_HV3HNDSX7,DBB_AAPEOSDA_1_HW7YYDSX7.UDI214,,,,,Prod_ILL_BqADN_NEBUII_151_v4,PRJEB51688,PRJEB51655,,,,batch_3,
EMOBON_HCMR-1_Wa_221027_3um_1,EMOBON_HCMR-1_Wa_85,,EMOBON00507,DBD_AAPJ,DBB_AAPF,,metag,,PAIRED,metag,metag,metag,metag,,,,basic Genoscope QC,Illumina NovaSeq 6000,1.395,,136.7,METAGENOMIC,240227_JARVIS_H5YGKDSXC,DBB_AAPFOSDA_1_H5YH5DSXC.UDI364,,,,,Prod_ILL_BqADN_NEBUII_151_v4,PRJEB51688,PRJEB51655,,,,batch_3,
EMOBON_HCMR-1_Wa_221027_3um_2,EMOBON_HCMR-1_Wa_86,,EMOBON00508,DBD_AAPK,DBB_AAPG,,metag,,PAIRED,metag,metag,metag,metag,,,,basic Genoscope QC,Illumina NovaSeq 6000,2.38,,233.2,METAGENOMIC,231121_JARVIS_HV3HNDSX7,DBB_AAPGOSDA_3_HW7YYDSX7.UDI139,,,,,Prod_ILL_BqADN_NEBUII_151_v4,PRJEB51688,PRJEB51655,,,,batch_3,
EMOBON_HCMR-1_Wa_221027_0.2um_1,EMOBON_HCMR-1_Wa_89,,EMOBON00509,DBD_AAPL,DBB_AAPH,,metag,,PAIRED,metag,metag,metag,metag,,,,basic Genoscope QC,Illumina NovaSeq 6000,8.48,,831,METAGENOMIC,231121_JARVIS_HV3HNDSX7,DBB_AAPHOSDA_1_HW7YYDSX7.UDI226,,,,,Prod_ILL_BqADN_NEBUII_151_v4,PRJEB51688,PRJEB51655,,,,batch_3,
EMOBON_HCMR-1_Wa_221027_0.2um_2,EMOBON_HCMR-1_Wa_90,,EMOBON00510,DBD_AAPM,DBB_AAPI,,metag,,PAIRED,metag,metag,metag,metag,,,,basic Genoscope QC,Illumina NovaSeq 6000,10.35,,1014.3,METAGENOMIC,231121_JARVIS_HV3HNDSX7,DBB_AAPIOSDA_1_HW7YYDSX7.UDI238,,,,,Prod_ILL_BqADN_NEBUII_151_v4,PRJEB51688,PRJEB51655,,,,batch_3,
EMOBON_Bergen_Wa_220426_3uM_1,EMOBON_Bergen_Wa_1,,EMOBON00511,DBD_AAPN,DBB_AAPJ,,metag,,PAIRED,metag,metag,metag,metag,,,,basic Genoscope QC,Illumina NovaSeq 6000,1.31,,128.4,METAGENOMIC,240227_JARVIS_H5YGKDSXC,DBB_AAPJOSDA_1_H5YH5DSXC.UDI365,,,,,Prod_ILL_BqADN_NEBUII_151_v4,PRJEB51688,PRJEB50569,,,,batch_3,
EMOBON_Bergen_Wa_220426_3uM_2,EMOBON_Bergen_Wa_2,,EMOBON00512,DBD_AAPO,DBB_AAPK,,metag,,PAIRED,metag,metag,metag,metag,,,,basic Genoscope QC,Illumina NovaSeq 6000,0.76,,74.5,METAGENOMIC,240227_JARVIS_H5YGKDSXC,DBB_AAPKOSDA_1_H5YH5DSXC.UDI318,,,,,Prod_ILL_BqADN_NEBUII_151_v4,PRJEB51688,PRJEB50569,,,,batch_3,
EMOBON_Bergen_Wa_220426_0.2uM_1,EMOBON_Bergen_Wa_3,,EMOBON00513,DBD_AAPP,DBB_AAPL,,metag,,PAIRED,metag,metag,metag,metag,,,,basic Genoscope QC,Illumina NovaSeq 6000,27.4,,2685.2,METAGENOMIC,231121_JARVIS_HV3HNDSX7,DBB_AAPLOSDA_1_HW7YYDSX7.UDI250,,,,,Prod_ILL_BqADN_NEBUII_151_v4,PRJEB51688,PRJEB50569,,,,batch_3,
EMOBON_Bergen_Wa_220426_0.2uM_2,EMOBON_Bergen_Wa_4,,EMOBON00514,DBD_AAPQ,DBB_AAPM,,metag,,PAIRED,metag,metag,metag,metag,,,,basic Genoscope QC,Illumina NovaSeq 6000,23,,2254,METAGENOMIC,231121_JARVIS_HV3HNDSX7,DBB_AAPMOSDA_1_HW7YYDSX7.UDI262,,,,,Prod_ILL_BqADN_NEBUII_151_v4,PRJEB51688,PRJEB50569,,,,batch_3,
EMOBON_Bergen_Wa_220630_3uM_1,EMOBON_Bergen_Wa_11,,EMOBON00515,DBD_AAPR,DBB_AAPN,,metag,,PAIRED,metag,metag,metag,metag,,,,basic Genoscope QC,Illumina NovaSeq 6000,4.57,,447.9,METAGENOMIC,231121_JARVIS_HV3HNDSX7,DBB_AAPNOSDA_3_HW7YYDSX7.UDI151,,,,,Prod_ILL_BqADN_NEBUII_151_v4,PRJEB51688,PRJEB50569,,,,batch_3,
EMOBON_Bergen_Wa_220630_3uM_2,EMOBON_Bergen_Wa_12,,EMOBON00516,DBD_AAPS,DBB_AAPO,,metag,,PAIRED,metag,metag,metag,metag,,,,basic Genoscope QC,Illumina NovaSeq 6000,4.55,,445.9,METAGENOMIC,231121_JARVIS_HV3HNDSX7,DBB_AAPOOSDA_3_HW7YYDSX7.UDI163,,,,,Prod_ILL_BqADN_NEBUII_151_v4,PRJEB51688,PRJEB50569,,,,batch_3,
EMOBON_Bergen_Wa_220630_0.2uM_1,EMOBON_Bergen_Wa_13,,EMOBON00517,DBD_AAPT,DBB_AAPP,,metag,,PAIRED,metag,metag,metag,metag,,,,basic Genoscope QC,Illumina NovaSeq 6000,25.8,,2528.4,METAGENOMIC,231121_JARVIS_HV3HNDSX7,DBB_AAPPOSDA_1_HW7YYDSX7.UDI274,,,,,Prod_ILL_BqADN_NEBUII_151_v4,PRJEB51688,PRJEB50569,,,,batch_3,
EMOBON_Bergen_Wa_220630_0.2uM_2,EMOBON_Bergen_Wa_14,,EMOBON00518,DBD_AAPU,DBB_AAPQ,,metag,,PAIRED,metag,metag,metag,metag,,,,basic Genoscope QC,Illumina NovaSeq 6000,25.2,,2469.6,METAGENOMIC,231121_JARVIS_HV3HNDSX7,DBB_AAPQOSDA_1_HW7YYDSX7.UDI286,,,,,Prod_ILL_BqADN_NEBUII_151_v4,PRJEB51688,PRJEB50569,,,,batch_3,
EMOBON_Bergen_Wa_220630_3uM_blank,EMOBON_Bergen_Wa_19,,EMOBON00519,,,,metag,,PAIRED,metag,metag,metag,metag,,,,basic Genoscope QC,Illumina NovaSeq 6000,97,,8.7,METAGENOMIC,,,,,,,Prod_ILL_BqADN_NEBUII_151_v4,PRJEB51688,PRJEB50569,,,,batch_3,blank; not MetaG-sequenced
EMOBON_Bergen_Wa_220630_0.2uM_blank,EMOBON_Bergen_Wa_20,,EMOBON00520,,,,metag,,PAIRED,metag,metag,metag,metag,,,,basic Genoscope QC,Illumina NovaSeq 6000,104,,9.3,METAGENOMIC,,,,,,,Prod_ILL_BqADN_NEBUII_151_v4,PRJEB51688,PRJEB50569,,,,batch_3,blank; not MetaG-sequenced
EMOBON_Bergen_Wa_220831_3uM_1,EMOBON_Bergen_Wa_21,,EMOBON00521,DBD_AAPV,DBB_AAPR,,metag,,PAIRED,metag,metag,metag,metag,,,,basic Genoscope QC,Illumina NovaSeq 6000,5.92,,580.2,METAGENOMIC,231121_JARVIS_HV3HNDSX7,DBB_AAPROSDA_3_HW7YYDSX7.UDI175,,,,,Prod_ILL_BqADN_NEBUII_151_v4,PRJEB51688,PRJEB50569,,,,batch_3,
EMOBON_Bergen_Wa_220831_3uM_2,EMOBON_Bergen_Wa_22,,EMOBON00522,DBD_AAPW,DBB_AAPS,,metag,,PAIRED,metag,metag,metag,metag,,,,basic Genoscope QC,Illumina NovaSeq 6000,5.8,,568.4,METAGENOMIC,231121_JARVIS_HV3HNDSX7,DBB_AAPSOSDA_3_HW7YYDSX7.UDI187,,,,,Prod_ILL_BqADN_NEBUII_151_v4,PRJEB51688,PRJEB50569,,,,batch_3,
EMOBON_Bergen_Wa_220831_0.2uM_1,EMOBON_Bergen_Wa_23,,EMOBON00523,DBD_AAPX,DBB_AAPT,,metag,,PAIRED,metag,metag,metag,metag,,,,basic Genoscope QC,Illumina NovaSeq 6000,29.85,,2925.3,METAGENOMIC,231121_JARVIS_HV3HNDSX7,DBB_AAPTOSDA_1_HW7YYDSX7.UDI203,,,,,Prod_ILL_BqADN_NEBUII_151_v4,PRJEB51688,PRJEB50569,,,,batch_3,
EMOBON_Bergen_Wa_220831_0.2uM_2,EMOBON_Bergen_Wa_24,,EMOBON00524,DBD_AAPY,DBB_AAPU,,metag,,PAIRED,metag,metag,metag,metag,,,,basic Genoscope QC,Illumina NovaSeq 6000,23.3,,2283.4,METAGENOMIC,231121_JARVIS_HV3HNDSX7,DBB_AAPUOSDA_1_HW7YYDSX7.UDI215,,,,,Prod_ILL_BqADN_NEBUII_151_v4,PRJEB51688,PRJEB50569,,,,batch_3,
EMOBON_UMF_Wa_220830_3um_1,EMOBON_UMF_Wa_1,,EMOBON00525,DBD_AAPZ,DBB_AAPV,,metag,,PAIRED,metag,metag,metag,metag,,,,basic Genoscope QC,Illumina NovaSeq 6000,9.38,,919.2,METAGENOMIC,231121_JARVIS_HV3HNDSX7,DBB_AAPVOSDA_3_HW7YYDSX7.UDI104,,,,,Prod_ILL_BqADN_NEBUII_151_v4,PRJEB51688,PRJEB57914,,,,batch_3,
EMOBON_UMF_Wa_220830_3um_2,EMOBON_UMF_Wa_2,,EMOBON00526,DBD_AAQA,DBB_AAPW,,metag,,PAIRED,metag,metag,metag,metag,,,,basic Genoscope QC,Illumina NovaSeq 6000,6.76,,662.5,METAGENOMIC,231121_JARVIS_HV3HNDSX7,DBB_AAPWOSDA_3_HW7YYDSX7.UDI116,,,,,Prod_ILL_BqADN_NEBUII_151_v4,PRJEB51688,PRJEB57914,,,,batch_3,
EMOBON_UMF_Wa_220830_0.2um_1,EMOBON_UMF_Wa_5,,EMOBON00527,DBD_AAQB,DBB_AAPX,,metag,,PAIRED,metag,metag,metag,metag,,,,basic Genoscope QC,Illumina NovaSeq 6000,65.5,,6353.5,METAGENOMIC,240227_JARVIS_H5YGKDSXC,DBB_AAPXOSDA_4_H5YGKDSXC.UDI227,,,,,Prod_ILL_BqADN_NEBUII_151_v4,PRJEB51688,PRJEB57914,,,,batch_3,
EMOBON_UMF_Wa_220830_0.2um_2,EMOBON_UMF_Wa_6,,EMOBON00528,DBD_AAQC,DBB_AAPY,,metag,,PAIRED,metag,metag,metag,metag,,,,basic Genoscope QC,Illumina NovaSeq 6000,44.75,,4385.5,METAGENOMIC,240227_JARVIS_H5YGKDSXC,DBB_AAPYOSDA_4_H5YGKDSXC.UDI239,,,,,Prod_ILL_BqADN_NEBUII_151_v4,PRJEB51688,PRJEB57914,,,,batch_3,
EMOBON_UMF_Wa_220830_0.2um_1L,EMOBON_UMF_Wa_16,,EMOBON00529,DBD_AAQD,DBB_AAPZ,,metag,,PAIRED,metag,metag,metag,metag,,,,basic Genoscope QC,Illumina NovaSeq 6000,12.3,,1205.4,METAGENOMIC,240227_JARVIS_H5YGKDSXC,DBB_AAPZOSDA_4_H5YGKDSXC.UDI251,,,,,Prod_ILL_BqADN_NEBUII_151_v4,PRJEB51688,PRJEB57914,,,,batch_3,
EMOBON_UMF_Wa_220830_0.2um_2L,EMOBON_UMF_Wa_17,,EMOBON00530,DBD_AAQE,DBB_AAQA,,metag,,PAIRED,metag,metag,metag,metag,,,,basic Genoscope QC,Illumina NovaSeq 6000,25.2,,2469.6,METAGENOMIC,240227_JARVIS_H5YGKDSXC,DBB_AAQAOSDA_4_H5YGKDSXC.UDI263,,,,,Prod_ILL_BqADN_NEBUII_151_v4,PRJEB51688,PRJEB57914,,,,batch_3,
EMOBON_UMF_Wa_220830_0.2um_3L,EMOBON_UMF_Wa_18,,EMOBON00531,DBD_AAQF,DBB_AAQB,,metag,,PAIRED,metag,metag,metag,metag,,,,basic Genoscope QC,Illumina NovaSeq 6000,34.35,,3366.3,METAGENOMIC,240227_JARVIS_H5YGKDSXC,DBB_AAQBOSDA_4_H5YGKDSXC.UDI275,,,,,Prod_ILL_BqADN_NEBUII_151_v4,PRJEB51688,PRJEB57914,,,,batch_3,
EMOBON_UMF_Wa_220830_0.2um_4L,EMOBON_UMF_Wa_19,,EMOBON00532,DBD_AAQG,DBB_AAQC,,metag,,PAIRED,metag,metag,metag,metag,,,,basic Genoscope QC,Illumina NovaSeq 6000,46.15,,4522.7,METAGENOMIC,240227_JARVIS_H5YGKDSXC,DBB_AAQCOSDA_4_H5YGKDSXC.UDI287,,,,,Prod_ILL_BqADN_NEBUII_151_v4,PRJEB51688,PRJEB57914,,,,batch_3,
EMOBON_IUIEilat_Wa_220223_0.2um_1,EMOBON_IUIEilat_Wa_31,,EMOBON00533,DBD_AAQH,DBB_AAQD,,metag,,PAIRED,metag,metag,metag,metag,,,,basic Genoscope QC,Illumina NovaSeq 6000,22.7,,2224.6,METAGENOMIC,240227_JARVIS_H5YGKDSXC,DBB_AAQDOSDA_4_H5YGKDSXC.UDI204,,,,,Prod_ILL_BqADN_NEBUII_151_v4,PRJEB51688,PRJEB51656,,,,batch_3,
EMOBON_IUIEilat_Wa_220223_0.2um_2,EMOBON_IUIEilat_Wa_32,,EMOBON00534,DBD_AAQI,DBB_AAQE,,metag,,PAIRED,metag,metag,metag,metag,,,,basic Genoscope QC,Illumina NovaSeq 6000,20.7,,2028.6,METAGENOMIC,240227_JARVIS_H5YGKDSXC,DBB_AAQEOSDA_4_H5YGKDSXC.UDI216,,,,,Prod_ILL_BqADN_NEBUII_151_v4,PRJEB51688,PRJEB51656,,,,batch_3,
EMOBON_IUIEilat_Wa_220223_3.0um_1,EMOBON_IUIEilat_Wa_35,,EMOBON00535,DBD_AAQJ,DBB_AAQF,,metag,,PAIRED,metag,metag,metag,metag,,,,basic Genoscope QC,Illumina NovaSeq 6000,1.62,,158.8,METAGENOMIC,240227_JARVIS_H5YGKDSXC,DBB_AAQFOSDA_1_H5YH5DSXC.UDI366,,,,,Prod_ILL_BqADN_NEBUII_151_v4,PRJEB51688,PRJEB51656,,,,batch_3,
EMOBON_IUIEilat_Wa_220223_3.0um_2,EMOBON_IUIEilat_Wa_36,,EMOBON00536,DBD_AAQK,DBB_AAQG,,metag,,PAIRED,metag,metag,metag,metag,,,,basic Genoscope QC,Illumina NovaSeq 6000,3.36,,329.3,METAGENOMIC,231121_JARVIS_HV3HNDSX7,DBB_AAQGOSDA_3_HW7YYDSX7.UDI128,,,,,Prod_ILL_BqADN_NEBUII_151_v4,PRJEB51688,PRJEB51656,,,,batch_3,
EMOBON_IUIEilat_Wa_220508_0.2um_1,EMOBON_IUIEilat_Wa_41,,EMOBON00537,DBD_AAQL,DBB_AAQH,,metag,,PAIRED,metag,metag,metag,metag,,,,basic Genoscope QC,Illumina NovaSeq 6000,33.35,,3268.3,METAGENOMIC,240227_JARVIS_H5YGKDSXC,DBB_AAQHOSDA_4_H5YGKDSXC.UDI228,,,,,Prod_ILL_BqADN_NEBUII_151_v4,PRJEB51688,PRJEB51656,,,,batch_3,
EMOBON_IUIEilat_Wa_220508_0.2um_2,EMOBON_IUIEilat_Wa_42,,EMOBON00538,DBD_AAQM,DBB_AAQI,,metag,,PAIRED,metag,metag,metag,metag,,,,basic Genoscope QC,Illumina NovaSeq 6000,28.2,,2763.6,METAGENOMIC,240227_JARVIS_H5YGKDSXC,DBB_AAQIOSDA_4_H5YGKDSXC.UDI240,,,,,Prod_ILL_BqADN_NEBUII_151_v4,PRJEB51688,PRJEB51656,,,,batch_3,
EMOBON_IUIEilat_Wa_220508_3.0um_1,EMOBON_IUIEilat_Wa_45,,EMOBON00539,DBD_AAQN,DBB_AAQJ,,metag,,PAIRED,metag,metag,metag,metag,,,,basic Genoscope QC,Illumina NovaSeq 6000,4.07,,398.9,METAGENOMIC,231121_JARVIS_HV3HNDSX7,DBB_AAQJOSDA_3_HW7YYDSX7.UDI140,,,,,Prod_ILL_BqADN_NEBUII_151_v4,PRJEB51688,PRJEB51656,,,,batch_3,
EMOBON_IUIEilat_Wa_220508_3.0um_2,EMOBON_IUIEilat_Wa_46,,EMOBON00540,DBD_AAQO,DBB_AAQK,,metag,,PAIRED,metag,metag,metag,metag,,,,basic Genoscope QC,Illumina NovaSeq 6000,5.33,,522.3,METAGENOMIC,231121_JARVIS_HV3HNDSX7,DBB_AAQKOSDA_3_HW7YYDSX7.UDI152,,,,,Prod_ILL_BqADN_NEBUII_151_v4,PRJEB51688,PRJEB51656,,,,batch_3,
EMOBON_IUIEilat_Wa_220705_0.2um_1,EMOBON_IUIEilat_Wa_51,,EMOBON00541,DBD_AAQP,DBB_AAQL,,metag,,PAIRED,metag,metag,metag,metag,,,,basic Genoscope QC,Illumina NovaSeq 6000,24.5,,2401,METAGENOMIC,240227_JARVIS_H5YGKDSXC,DBB_AAQLOSDA_4_H5YGKDSXC.UDI252,,,,,Prod_ILL_BqADN_NEBUII_151_v4,PRJEB51688,PRJEB51656,,,,batch_3,
EMOBON_IUIEilat_Wa_220705_0.2um_2,EMOBON_IUIEilat_Wa_52,,EMOBON00542,DBD_AAQQ,DBB_AAQM,,metag,,PAIRED,metag,metag,metag,metag,,,,basic Genoscope QC,Illumina NovaSeq 6000,11.6,,1194.8,METAGENOMIC,240227_JARVIS_H5YGKDSXC,DBB_AAQMOSDA_4_H5YGKDSXC.UDI264,,,,,Prod_ILL_BqADN_NEBUII_151_v4,PRJEB51688,PRJEB51656,,,,batch_3,
EMOBON_IUIEilat_Wa_220705_3.0um_1,EMOBON_IUIEilat_Wa_55,,EMOBON00543,DBD_AAQR,DBB_AAQN,,metag,,PAIRED,metag,metag,metag,metag,,,,basic Genoscope QC,Illumina NovaSeq 6000,1.885,,194.2,METAGENOMIC,240227_JARVIS_H5YGKDSXC,DBB_AAQNOSDA_1_H5YH5DSXC.UDI367,,,,,Prod_ILL_BqADN_NEBUII_151_v4,PRJEB51688,PRJEB51656,,,,batch_3,
EMOBON_IUIEilat_Wa_220705_3.0um_2,EMOBON_IUIEilat_Wa_56,,EMOBON00544,DBD_AAQS,DBB_AAQO,,metag,,PAIRED,metag,metag,metag,metag,,,,basic Genoscope QC,Illumina NovaSeq 6000,2.21,,227.6,METAGENOMIC,231121_JARVIS_HV3HNDSX7,DBB_AAQOOSDA_3_HW7YYDSX7.UDI164,,,,,Prod_ILL_BqADN_NEBUII_151_v4,PRJEB51688,PRJEB51656,,,,batch_3,
EMOBON_ROSKOGO_So_210923_macro_1,EMOBON_ROSKOGO_So_6,,EMOBON00545,,,,,,PAIRED,,,,,,,,,,,,,,,,,,,,,PRJEB51688,PRJEB51662,,,,batch_3,
EMOBON_MarBIo_S1_220607_220907_MF100,,,EMOBON00546,,DBQ_AAAA,Quick-DNA Fecal/soil,,2263795,PAIRED,18S rRNA,V1-V2,,,,,,basic Genoscope QC,Illumina NovaSeq 6000,47.6,,2046.8,,,DBQ_AAAAOSTA_1_HGVH5DRX3.UDI364-BID16,,,,,Prod_ILL_BqADN_LowCost_148_v5,PRJEB51688,PRJEB51662,,,,batch_3,
EMOBON_MarBIo_S1_220607_220907_MF100,,,EMOBON00546,,DBQ_AAAB,Quick-DNA Fecal/soil,,3161289,PAIRED,COI,,,,,,,basic Genoscope QC,Illumina NovaSeq 6000,47.6,,2046.8,,,DBQ_AAABOSTA_1_HKYCCDRX3.UDI366-BID16,,,,,Prod_ILL_BqADN_LowCost_148_v5,PRJEB51688,PRJEB51662,,,,batch_3,
EMOBON_BPNS_So_220420_macro_1,EMOBON_BPNS_So_51,,EMOBON00547,,,,,,PAIRED,,,,,,,,,,,,,,,,,,,,,,PRJEB51652,,,,batch_3,
EMOBON_BPNS_So_210701_meio_1,EMOBON_BPNS_So_1,,EMOBON00548,,,,,,PAIRED,,,,,,,,,,,,,,,,,,,,,,PRJEB51652,,,,batch_3,
EMOBON_BPNS_So_210701_meio_2,EMOBON_BPNS_So_2,,EMOBON00549,,,,,,PAIRED,,,,,,,,,,,,,,,,,,,,,,PRJEB51652,,,,batch_3,
EMOBON_BPNS_So_211028_meio_1,EMOBON_BPNS_So_28,,EMOBON00550,,,,,,PAIRED,,,,,,,,,,,,,,,,,,,,,,PRJEB51652,,,,batch_3,
EMOBON_BPNS_So_211028_meio_2,EMOBON_BPNS_So_29,,EMOBON00551,,,,,,PAIRED,,,,,,,,,,,,,,,,,,,,,,PRJEB51652,,,,batch_3,
EMOBON_BPNS_So_211028_meio_blank,EMOBON_BPNS_So_32,,EMOBON00552,,,,,,PAIRED,,,,,,,,,,,,,,,,,,,,,,PRJEB51652,,,,batch_3,
EMOBON_OOB_So_210608_meio_1,EMOBON_OOB_So_5,,EMOBON00553,,,,,,PAIRED,,,,,,,,,,,,,,,,,,,,,,PRJEB51665,,,,batch_3,
EMOBON_OOB_So_210608_meio_2,EMOBON_OOB_So_6,,EMOBON00554,,,,,,PAIRED,,,,,,,,,,,,,,,,,,,,,,PRJEB51665,,,,batch_3,
EMOBON_OOB_So_211012_meio_1,EMOBON_OOB_So_17,,EMOBON00555,,,,,,PAIRED,,,,,,,,,,,,,,,,,,,,,,PRJEB51665,,,,batch_3,
EMOBON_OOB_So_211012_meio_2,EMOBON_OOB_So_18,,EMOBON00556,,,,,,PAIRED,,,,,,,,,,,,,,,,,,,,,,PRJEB51665,,,,batch_3,
EMOBON_OOB_So_220425_meio_1,EMOBON_OOB_So_39,,EMOBON00557,,,,,,PAIRED,,,,,,,,,,,,,,,,,,,,,,PRJEB51665,,,,batch_3,
EMOBON_OOB_So_220425_meio_2,EMOBON_OOB_So_40,,EMOBON00558,,,,,,PAIRED,,,,,,,,,,,,,,,,,,,,,,PRJEB51665,,,,batch_3,
EMOBON_OOB_So_220628_meio_1,EMOBON_OOB_So_52,,EMOBON00559,,,,,,PAIRED,,,,,,,,,,,,,,,,,,,,,,PRJEB51665,,,,batch_3,
EMOBON_OOB_So_220628_meio_2,EMOBON_OOB_So_53,,EMOBON00560,,,,,,PAIRED,,,,,,,,,,,,,,,,,,,,,,PRJEB51665,,,,batch_3,
